_c0,_c1,_c2,_c3,_c4,_c5
West Jill,"OR 29291""",jacksoncynthia@lewis-hawkins.com,357,APPEND,2021-01-17T01:46:33.000Z
Amandaborough,"CT 44852""",jennifermorales@yahoo.com,996,APPEND,2021-01-13T18:34:50.000Z
Lake Jamesville,"MI 59563""",tyler47@spencer.com,389,APPEND,2021-01-10T19:58:14.000Z
Garciaview,"PA 77377""",kodom@gmail.com,13,APPEND,2021-01-16T01:18:31.000Z
Jessicaview,"AR 82149""",kyleclark@allen-fry.com,313,APPEND,2021-01-15T19:18:18.000Z
West David,"DE 80101""",christopher10@gmail.com,2,APPEND,2021-01-09T11:23:53.000Z
Troyborough,"ND 01518""",rodriguezreginald@lucero.net,814,APPEND,2021-01-11T08:35:45.000Z
Ortizmouth,"AK 57672""",okim@sanchez-winters.com,689,APPEND,2021-01-14T18:35:40.000Z
Lake Deborah,"RI 86235""",lpreston@yahoo.com,527,APPEND,2021-01-09T13:15:52.000Z
North Rachelstad,"NE 69004""",davisnicholas@sanders.com,154,APPEND,2021-01-18T01:41:56.000Z
Wrightfurt,"AL 29756""",louis36@gmail.com,77,APPEND,2021-01-07T16:52:18.000Z
Amandafort,"MO 05213""",leachandrea@hotmail.com,178,APPEND,2021-01-15T11:40:56.000Z
South Soniaborough,"MI 58205""",jeffrey35@yahoo.com,542,APPEND,2021-01-16T19:18:32.000Z
West Mark,"ND 65590""",allennancy@leblanc-bass.com,806,APPEND,2021-01-12T00:01:52.000Z
East Stephanieshire,"MN 57822""",jim56@mclaughlin.com,942,APPEND,2021-01-13T01:06:25.000Z
Colleenshire,"SD 25956""",lopezlawrence@gmail.com,467,APPEND,2021-01-08T05:17:55.000Z
South Carolport,"HI 91014""",qburke@valdez-potter.com,272,APPEND,2021-01-12T13:22:17.000Z
Laurenborough,"OK 66779""",wilsonkimberly@allison.com,882,APPEND,2021-01-12T11:09:10.000Z
West Joshua,"IN 68804""",alex79@george.com,373,APPEND,2021-01-14T23:58:47.000Z
West Lisa,"AZ 33289""",jennifer05@yahoo.com,171,APPEND,2021-01-09T23:59:19.000Z
South Erin,"MT 40548""",zhenry@gmail.com,62,APPEND,2021-01-12T12:42:40.000Z
Crystalhaven,"VA 44939""",michaelprince@hotmail.com,773,APPEND,2021-01-15T06:51:18.000Z
Patrickside,"FL 33921""",chensteven@smith.com,282,APPEND,2021-01-15T01:28:24.000Z
New Ryan,"CO 21006""",michael47@brown-shepherd.com,311,APPEND,2021-01-09T06:23:26.000Z
Julieborough,"OH 47426""",kelseyhood@gmail.com,604,APPEND,2021-01-08T22:21:44.000Z
South Michaelbury,"IN 17895""",daniellesaunders@yahoo.com,149,APPEND,2021-01-17T15:50:53.000Z
Juliemouth,"IN 58705""",jenniferlopez@yahoo.com,113,APPEND,2021-01-12T01:06:47.000Z
Johnsonborough,"NE 69944""",yvasquez@martinez.com,843,APPEND,2021-01-18T08:02:34.000Z
Baxterhaven,"UT 63809""",scott68@hotmail.com,818,APPEND,2021-01-17T04:33:52.000Z
South Emilystad,"AL 35490""",leeemily@cross-tran.biz,718,APPEND,2021-01-17T03:40:46.000Z
South Amy,"OH 76344""",evansluis@yahoo.com,910,APPEND,2021-01-17T15:59:25.000Z
East Tyler,"MA 00853""",sferguson@meyer.com,479,APPEND,2021-01-17T23:02:43.000Z
North Feliciahaven,"AL 20665""",fperkins@harper.com,315,APPEND,2021-01-11T19:04:38.000Z
Kruegerburgh,"CO 89474""",jamesrios@ballard.com,516,APPEND,2021-01-07T17:48:43.000Z
Fostermouth,"MA 39428""",egreen@yahoo.com,686,APPEND,2021-01-12T09:47:25.000Z
South Rebecca,"OH 78878""",rachelwright@hotmail.com,430,APPEND,2021-01-16T04:42:34.000Z
South Monica,"CO 59902""",gregory59@barry.com,47,APPEND,2021-01-16T04:22:46.000Z
Wheelerside,"MN 96064""",jonathanpierce@weiss-ramirez.info,758,APPEND,2021-01-15T00:27:44.000Z
Fullerland,"VA 28645""",williamsjohn@schultz-fletcher.com,284,APPEND,2021-01-08T23:49:02.000Z
Walkerhaven,"VA 51328""",gobrien@hotmail.com,23,APPEND,2021-01-16T13:40:25.000Z
West Adam,"NJ 73495""",trevinojohn@cannon.com,384,APPEND,2021-01-09T23:15:06.000Z
Thomasfort,"OK 37378""",chelsea62@smith-smith.com,684,APPEND,2021-01-08T17:19:35.000Z
Rogershaven,"OK 34277""",nicolerodriguez@briggs.com,697,APPEND,2021-01-13T04:04:31.000Z
Lake Timothyburgh,"NV 93394""",karen79@hotmail.com,699,APPEND,2021-01-11T11:47:08.000Z
New Charles,"NE 33150""",kristiedouglas@gmail.com,884,APPEND,2021-01-18T20:24:39.000Z
Cassandrahaven,"AL 21534""",jamie68@yahoo.com,836,APPEND,2021-01-10T08:13:09.000Z
South Carrieview,"SC 29635""",kanderson@hotmail.com,749,APPEND,2021-01-15T22:28:02.000Z
Pricechester,"IL 68451""",rhowe@schwartz-ferguson.com,281,APPEND,2021-01-08T07:11:11.000Z
New Alexander,"VA 87188""",micheal26@yahoo.com,648,APPEND,2021-01-08T08:17:05.000Z
Justinview,"NV 19170""",michaelwilson@carter-kerr.biz,455,APPEND,2021-01-10T19:50:30.000Z
Ingramport,"NV 18208""",lauragentry@yahoo.com,21,APPEND,2021-01-11T04:58:26.000Z
Lake Krististad,"TN 38815""",christophermejia@johnson-cline.com,570,APPEND,2021-01-12T14:08:20.000Z
Tinaborough,"KS 26094""",qgonzalez@hotmail.com,534,APPEND,2021-01-18T11:26:15.000Z
New Amy,"KY 04216""",monicamurray@gmail.com,782,APPEND,2021-01-18T20:43:50.000Z
Kaylatown,"WI 64076""",teresa61@hotmail.com,776,APPEND,2021-01-08T13:03:34.000Z
Lake Martin,"SD 15062""",honeal@hotmail.com,93,APPEND,2021-01-12T21:29:28.000Z
North Philipburgh,"MA 37617""",robinsonkathleen@hotmail.com,4,APPEND,2021-01-14T15:47:53.000Z
West Michaelfurt,"GA 12844""",dnguyen@gmail.com,583,APPEND,2021-01-11T15:52:35.000Z
Kingmouth,"MA 54033""",danielclarke@yahoo.com,3,APPEND,2021-01-14T07:19:09.000Z
Lindseyport,"MN 85567""",sandra87@yahoo.com,892,APPEND,2021-01-10T18:54:24.000Z
North Lawrencestad,"NY 87048""",robertbowman@rangel.biz,193,APPEND,2021-01-17T13:33:53.000Z
Obrienfurt,"MT 35662""",ashleygraves@gmail.com,680,APPEND,2021-01-09T21:54:09.000Z
Port Rebecca,"AL 98524""",webbjason@gmail.com,822,APPEND,2021-01-09T18:01:34.000Z
East Michaelborough,"ME 06278""",johnsonjohn@fernandez-cook.com,246,APPEND,2021-01-17T12:35:33.000Z
Robertsmouth,"NH 12389""",jillarroyo@yahoo.com,302,APPEND,2021-01-17T01:22:15.000Z
Garciaborough,"KY 73817""",thomaslisa@gmail.com,354,APPEND,2021-01-11T11:10:04.000Z
Jonathantown,"WA 33525""",fosborne@ortiz-smith.com,579,APPEND,2021-01-13T05:44:46.000Z
Cathyfort,"MA 19473""",christine12@perez.org,300,APPEND,2021-01-12T22:57:41.000Z
South Laurenchester,"NM 92619""",alexanderprince@greene.com,911,APPEND,2021-01-18T19:29:51.000Z
Port Roymouth,"WA 45781""",lynchtyler@yahoo.com,364,APPEND,2021-01-10T18:13:52.000Z
New Allen,"OK 10840""",hullcarol@diaz-robertson.org,192,APPEND,2021-01-13T12:47:56.000Z
Nelsonmouth,"LA 05963""",cooperjoy@klein.com,405,APPEND,2021-01-11T12:25:14.000Z
New Carlos,"NM 66006""",william25@scott.com,468,APPEND,2021-01-16T22:54:41.000Z
North Ashley,"CO 92861""",gravesrebecca@hotmail.com,426,APPEND,2021-01-14T09:03:50.000Z
East Kevintown,"MO 23001""",kristengardner@duncan-pratt.com,983,APPEND,2021-01-07T16:20:54.000Z
Johnside,"NM 85497""",nancy73@vance.com,597,APPEND,2021-01-10T07:44:27.000Z
South Jeffrey,"DC 93233""",robertgarcia@yahoo.com,438,APPEND,2021-01-10T02:06:03.000Z
Rosschester,"NY 92210""",padams@nelson.net,452,APPEND,2021-01-12T02:28:54.000Z
Tammyview,"OH 20973""",bbrooks@moreno.com,553,APPEND,2021-01-17T21:17:38.000Z
West Kayla,"UT 53083""",swhite@price.com,580,APPEND,2021-01-15T13:10:34.000Z
Smithton,"IN 76591""",mary99@yahoo.com,353,APPEND,2021-01-09T02:14:47.000Z
North Daltonfurt,"IA 31352""",petersonstephanie@yahoo.com,156,APPEND,2021-01-14T05:27:50.000Z
Jacobhaven,"ND 49406""",douglasshannon@patel-torres.com,807,APPEND,2021-01-14T16:36:04.000Z
Susanton,"NH 12809""",rgrant@yahoo.com,524,APPEND,2021-01-16T15:21:51.000Z
East Georgeshire,"FL 66286""",tonymoore@yahoo.com,254,APPEND,2021-01-07T13:38:36.000Z
North Amy,"AL 55710""",douglassalinas@hotmail.com,771,APPEND,2021-01-18T15:51:37.000Z
Johnton,"IN 39876""",wjones@juarez.com,201,APPEND,2021-01-11T18:32:50.000Z
Gregbury,"TX 46847""",rosecharles@douglas.com,250,APPEND,2021-01-15T22:41:21.000Z
South Jacobmouth,"MN 78123""",janice23@reilly-estrada.com,979,APPEND,2021-01-10T00:12:56.000Z
Port Lisa,"NM 80118""",shortlori@howe.com,472,APPEND,2021-01-11T16:11:53.000Z
Port James,"WV 46368""",idickerson@gmail.com,529,APPEND,2021-01-15T05:09:02.000Z
Lake Lesliechester,"ME 82132""",ritaallen@hotmail.com,763,APPEND,2021-01-09T22:17:18.000Z
South Angela,"WV 28243""",wruiz@gmail.com,216,APPEND,2021-01-07T16:43:45.000Z
Smithfurt,"ND 42227""",shelley93@bass.com,32,APPEND,2021-01-18T03:43:41.000Z
Velazquezport,"TX 46898""",diazjames@gmail.com,667,APPEND,2021-01-14T00:13:59.000Z
South Annestad,"SC 84355""",hlevine@lee.com,746,APPEND,2021-01-12T04:06:10.000Z
Chrisport,"DC 77971""",sara50@thomas-little.com,83,APPEND,2021-01-13T11:13:15.000Z
Ryanshire,"VT 13503""",cdurham@yahoo.com,144,APPEND,2021-01-16T20:47:22.000Z
East Natalie,"SD 34060""",fullersandy@hotmail.com,610,APPEND,2021-01-17T19:16:04.000Z
Lisaside,"MN 70189""",daniel11@walters.info,801,APPEND,2021-01-12T02:56:27.000Z
South Kellyburgh,"VT 97359""",harrydelgado@hotmail.com,543,APPEND,2021-01-10T16:49:21.000Z
Anntown,"AZ 81306""",allison97@hotmail.com,22,APPEND,2021-01-11T16:33:34.000Z
Lake Taylortown,"LA 62780""",kolsen@gmail.com,109,APPEND,2021-01-16T03:35:09.000Z
Carterville,"AK 64272""",deborahsandoval@gmail.com,863,APPEND,2021-01-16T01:19:46.000Z
Saraview,"NM 18555""",amartinez@salas.com,295,APPEND,2021-01-11T06:49:20.000Z
South Tamaraberg,"PA 26100""",gary11@yahoo.com,644,APPEND,2021-01-11T17:43:50.000Z
Jennafurt,"OK 39046""",daystacy@bonilla.biz,446,APPEND,2021-01-18T13:58:16.000Z
East Melody,"NE 35318""",wadams@yahoo.com,374,APPEND,2021-01-18T17:58:38.000Z
West Zachary,"CA 89992""",gabrielleheath@hotmail.com,973,APPEND,2021-01-07T16:00:32.000Z
Finleyhaven,"IA 81646""",tina87@yahoo.com,204,APPEND,2021-01-10T13:31:00.000Z
New Kevinton,"NH 05946""",melissahuff@hotmail.com,172,APPEND,2021-01-17T08:08:30.000Z
Johnchester,"DC 64295""",anthony29@gmail.com,59,APPEND,2021-01-18T08:43:11.000Z
South Patriciabury,"WY 30633""",nallen@hotmail.com,937,APPEND,2021-01-10T05:58:11.000Z
Aaronfurt,"VA 90368""",barbara53@gutierrez.biz,344,APPEND,2021-01-12T22:28:13.000Z
Brandyview,"SD 85799""",rebeccawyatt@gmail.com,851,APPEND,2021-01-09T20:26:34.000Z
Stefanieberg,"DE 37489""",smithbrian@butler-meyer.com,484,APPEND,2021-01-18T13:46:45.000Z
Port Robertside,"VT 62034""",spencerjoel@alvarez.biz,428,APPEND,2021-01-10T02:27:41.000Z
Josephbury,"GA 62163""",johnsondonna@meadows-jones.info,133,APPEND,2021-01-09T17:06:49.000Z
New Jeremychester,"MA 03668""",jennifersmith@hotmail.com,451,APPEND,2021-01-16T06:36:17.000Z
Christopherside,"KY 26682""",thomasmegan@yahoo.com,617,APPEND,2021-01-09T05:58:25.000Z
South Sabrina,"NV 98721""",qmassey@howard-hernandez.net,714,APPEND,2021-01-09T20:16:13.000Z
Scottbury,"KY 61363""",darrellcurtis@brewer.com,709,APPEND,2021-01-14T22:14:35.000Z
Lake Dawnchester,"KY 84308""",watkinsjeffrey@hill-morrison.com,395,APPEND,2021-01-11T02:27:44.000Z
Shanefort,"WY 31517""",bryanpittman@mack.com,859,APPEND,2021-01-14T06:48:43.000Z
Pachecoville,"OK 33075""",newtonjonathan@herrera-miller.biz,407,APPEND,2021-01-16T03:43:16.000Z
Dunnborough,"DE 27319""",brookemiller@jordan.biz,96,APPEND,2021-01-18T12:22:08.000Z
East Jennifer,"NV 61689""",rogersmartha@haley-martinez.com,939,APPEND,2021-01-16T05:55:42.000Z
Smithberg,"NM 83312""",campbellpaul@medina.info,151,APPEND,2021-01-07T15:49:13.000Z
Aliciachester,"AZ 93180""",cainchelsey@meyers.com,258,APPEND,2021-01-08T17:49:17.000Z
East Kellie,"TX 90501""",arodriguez@lopez.com,698,APPEND,2021-01-10T16:39:14.000Z
Lake Christieville,"PA 57802""",kelliott@page-lester.com,404,APPEND,2021-01-15T03:50:57.000Z
West Christopher,"OK 56323""",xrice@yahoo.com,619,APPEND,2021-01-13T04:26:17.000Z
Lake Kimberly,"WI 57503""",kingelizabeth@yahoo.com,191,APPEND,2021-01-16T05:28:18.000Z
East Amanda,"MT 55648""",marysmith@wood-lewis.com,573,APPEND,2021-01-08T10:40:23.000Z
New Joanneside,"CA 86971""",nortoneugene@thomas-luna.com,523,APPEND,2021-01-08T11:09:50.000Z
New Michaelmouth,"NH 31727""",brettpennington@gmail.com,521,APPEND,2021-01-15T04:42:32.000Z
Richardsville,"WA 88999""",kelly13@yahoo.com,778,APPEND,2021-01-09T21:06:01.000Z
Vincentport,"NC 69465""",evelynbrown@horton-davis.com,473,APPEND,2021-01-08T19:57:44.000Z
New Richardborough,"NM 42498""",dgrimes@yahoo.com,314,APPEND,2021-01-12T07:05:34.000Z
Benjaminfort,"CA 61623""",gouldjesse@schwartz.biz,598,APPEND,2021-01-07T17:20:58.000Z
Gilbertside,"WY 14235""",hernandezwilliam@king.com,235,APPEND,2021-01-14T17:49:52.000Z
East Anthonyshire,"MI 73084""",zbranch@mosley-henderson.net,865,APPEND,2021-01-15T01:48:54.000Z
South Christopherberg,"LA 81033""",katelyn18@yahoo.com,775,APPEND,2021-01-12T18:41:27.000Z
East Tarafurt,"NE 23299""",brianmcconnell@cabrera.com,425,APPEND,2021-01-11T23:04:01.000Z
Angelaport,"IA 74762""",emily30@hotmail.com,874,APPEND,2021-01-17T15:59:45.000Z
Phillipsberg,"MS 10399""",penapaula@gmail.com,285,APPEND,2021-01-10T17:19:07.000Z
Blankenshipville,"NC 14052""",hshaffer@tran.com,98,APPEND,2021-01-07T18:27:14.000Z
Fernandezview,"KY 41939""",dakotasantiago@reid-hicks.info,230,APPEND,2021-01-11T21:53:28.000Z
Riveratown,"OH 73821""",charlotte78@yahoo.com,180,APPEND,2021-01-11T20:06:47.000Z
Stewartland,"RI 72495""",mullinsmaria@gmail.com,101,APPEND,2021-01-09T11:48:05.000Z
Lindseyshire,"PA 14176""",jennifer71@martin.biz,717,APPEND,2021-01-09T05:14:32.000Z
Lake James,"TN 27969""",robertlin@simmons.com,663,APPEND,2021-01-09T05:57:16.000Z
South Jessicaview,"VT 98281""",fallen@yahoo.com,743,APPEND,2021-01-08T12:49:18.000Z
East Elizabethtown,"NV 48068""",stephaniegreen@hotmail.com,409,APPEND,2021-01-12T13:30:48.000Z
South Richardshire,"NY 26810""",christinewells@hotmail.com,860,APPEND,2021-01-16T02:54:18.000Z
Callahanport,"NJ 95762""",barbara84@gmail.com,513,APPEND,2021-01-12T20:31:13.000Z
West Shannon,"NJ 70724""",christopher18@hotmail.com,532,APPEND,2021-01-13T23:16:58.000Z
East Lauren,"RI 56142""",lisa93@hotmail.com,647,APPEND,2021-01-15T08:37:07.000Z
Lambertshire,"MS 33250""",dennis37@stewart.net,609,APPEND,2021-01-14T02:03:49.000Z
Butlerside,"KY 19703""",karmstrong@cervantes.info,774,APPEND,2021-01-13T18:13:53.000Z
Allenfort,"WI 94796""",jamie00@coleman-lane.com,247,APPEND,2021-01-08T10:46:14.000Z
Mooretown,"WI 71607""",willisjames@johnson-frey.org,530,APPEND,2021-01-11T15:44:45.000Z
Martinstad,"DE 76914""",courtneytorres@hotmail.com,770,APPEND,2021-01-16T14:58:37.000Z
East Tylerburgh,"NH 38219""",gonzalezcalvin@yahoo.com,6,APPEND,2021-01-16T19:42:19.000Z
Copelandborough,"ME 61877""",thomas14@hotmail.com,596,APPEND,2021-01-14T17:44:49.000Z
Banksville,"HI 62959""",taylorpeter@thompson-jackson.com,652,APPEND,2021-01-08T18:46:39.000Z
Ronaldchester,"MT 80539""",jamie36@hotmail.com,130,APPEND,2021-01-14T15:49:50.000Z
Ramosborough,"WY 16518""",raymond08@gmail.com,878,APPEND,2021-01-14T23:01:35.000Z
Russellmouth,"ME 20756""",harrisonjames@erickson.com,55,APPEND,2021-01-19T00:35:59.000Z
Lake Larryview,"UT 37327""",jackmontgomery@yahoo.com,60,DELETE,2021-01-14T03:17:24.000Z
New Betty,"KY 00631""",awolfe@bradshaw-miller.com,551,APPEND,2021-01-07T13:39:32.000Z
Martinezport,"WY 13114""",myersbrittany@hotmail.com,907,APPEND,2021-01-15T19:28:26.000Z
Stephaniemouth,"AK 68941""",wendynelson@diaz.net,871,APPEND,2021-01-15T13:40:01.000Z
South Kenneth,"NE 34575""",christineburgess@charles-bell.com,495,DELETE,2021-01-15T03:25:58.000Z
Parkerberg,"CO 91835""",kevin62@hotmail.com,9,APPEND,2021-01-13T07:27:29.000Z
Brookeview,"CT 01568""",tommy88@gmail.com,761,APPEND,2021-01-08T03:19:54.000Z
Harrisshire,"ND 35216""",caitlyn58@gmail.com,92,APPEND,2021-01-11T13:58:49.000Z
Port Patricia,"CA 32750""",jacquelinebrewer@harrington-perry.net,377,APPEND,2021-01-18T05:14:32.000Z
Hernandezbury,"ND 14653""",barronalison@yahoo.com,17,APPEND,2021-01-11T20:22:11.000Z
Lake Carmen,"OH 41397""",richardwallace@hotmail.com,838,APPEND,2021-01-14T07:20:14.000Z
New Amyberg,"ME 03519""",uwilliams@calderon-rocha.com,502,APPEND,2021-01-17T04:31:22.000Z
West Karen,"NM 44924""",dustinholmes@frey-williams.org,179,APPEND,2021-01-10T03:01:26.000Z
Andrestad,"RI 28316""",wendy84@hotmail.com,341,APPEND,2021-01-11T16:15:29.000Z
Allisonfurt,"OR 22776""",alexander84@yahoo.com,506,APPEND,2021-01-10T18:40:37.000Z
Warnermouth,"RI 27498""",gonzalesmichael@hotmail.com,318,APPEND,2021-01-17T14:03:00.000Z
Travisburgh,"HI 11684""",davidsmith@jones-phillips.com,89,APPEND,2021-01-18T20:33:16.000Z
South Melissa,"NE 03385""",broberts@combs-hill.com,683,APPEND,2021-01-11T02:15:25.000Z
Port Derekville,"VT 79708""",amanda35@yahoo.com,385,APPEND,2021-01-14T18:13:06.000Z
Aaronchester,"NH 45920""",toni94@castro.org,255,APPEND,2021-01-08T17:42:40.000Z
Hartland,"AL 02320""",torresdouglas@gmail.com,992,APPEND,2021-01-09T07:26:19.000Z
Lestad,"PA 65414""",qpowell@hotmail.com,977,APPEND,2021-01-12T01:13:27.000Z
Lake Stevenview,"MA 15258""",brandy14@yahoo.com,291,APPEND,2021-01-08T19:00:21.000Z
Evanfurt,"CO 41895""",amorris@kent.biz,927,APPEND,2021-01-17T05:28:47.000Z
Harristown,"WA 79773""",katrina13@gmail.com,104,APPEND,2021-01-10T04:56:01.000Z
Brianport,"NJ 30126""",swilliams@schwartz-martinez.biz,962,APPEND,2021-01-18T20:03:02.000Z
Dillonshire,"IN 14798""",jameslandry@yahoo.com,305,APPEND,2021-01-17T11:18:39.000Z
Lake Madeline,"NJ 18455""",rpatton@yahoo.com,79,APPEND,2021-01-07T15:42:02.000Z
West Justin,"KS 56826""",wromero@ellis-johnson.com,741,APPEND,2021-01-09T03:32:49.000Z
Websterhaven,"SC 55146""",kyle86@yahoo.com,759,APPEND,2021-01-13T20:36:54.000Z
Rangelland,"NM 22210""",harrismegan@lee-george.com,453,APPEND,2021-01-12T14:57:39.000Z
West Hannah,"MD 51267""",gle@king.com,651,APPEND,2021-01-18T13:35:26.000Z
Castanedachester,"MI 90228""",dixonalex@king.biz,914,APPEND,2021-01-12T22:27:01.000Z
Garystad,"NJ 50520""",jennifer24@yahoo.com,45,APPEND,2021-01-12T23:57:20.000Z
Kristenstad,"KY 32274""",gallowaysusan@hotmail.com,197,APPEND,2021-01-14T15:15:20.000Z
Ballfurt,"AR 79714""",tmolina@gmail.com,971,APPEND,2021-01-10T13:56:40.000Z
West Karen,"DC 95205""",davidking@hotmail.com,831,APPEND,2021-01-14T04:56:12.000Z
Lake Davidville,"NH 35962""",hernandezanne@hotmail.com,645,APPEND,2021-01-09T06:17:39.000Z
Portermouth,"ME 92377""",martinkaren@wright.net,768,APPEND,2021-01-17T21:25:44.000Z
Mirandaville,"WY 82731""",jpayne@yahoo.com,427,APPEND,2021-01-14T03:22:49.000Z
New Ricky,"UT 41725""",william46@martin-brown.org,760,APPEND,2021-01-09T07:08:19.000Z
Robbinsside,"SC 92705""",angela75@bartlett.net,792,APPEND,2021-01-17T16:58:12.000Z
North Chadville,"MT 77352""",carriebrown@bell.com,890,APPEND,2021-01-15T04:07:08.000Z
East Meredithland,"NV 72748""",pmorgan@gardner.com,245,APPEND,2021-01-08T16:31:20.000Z
East Jacobfort,"OR 04020""",wuamber@white.com,827,APPEND,2021-01-14T01:47:47.000Z
Martinezfort,"UT 19608""",lori91@yahoo.com,476,APPEND,2021-01-09T07:33:26.000Z
Nathanton,"MA 19290""",roger11@gmail.com,239,APPEND,2021-01-10T22:35:45.000Z
Kramerbury,"TN 93092""",johnsoneric@gmail.com,122,APPEND,2021-01-14T05:07:08.000Z
Thompsontown,"MS 59609""",ysmith@cooper-chang.com,165,APPEND,2021-01-18T02:53:39.000Z
Meyersshire,"MI 32647""",megan72@hotmail.com,361,APPEND,2021-01-14T05:22:35.000Z
Wendyview,"WA 92091""",angelajones@aguilar.info,984,APPEND,2021-01-08T14:20:13.000Z
West Williamside,"IL 90408""",dnewton@henry-krueger.com,703,APPEND,2021-01-14T21:03:56.000Z
Dunnmouth,"WA 08687""",charlene16@gmail.com,466,APPEND,2021-01-17T09:11:54.000Z
South Douglasmouth,"IL 40979""",cookemark@jones.com,323,APPEND,2021-01-09T15:29:17.000Z
Monicashire,"NH 66326""",robert49@hall.com,704,APPEND,2021-01-10T23:49:04.000Z
Port Lindseyborough,"GA 03037""",christopherhuerta@hotmail.com,739,APPEND,2021-01-07T22:07:33.000Z
Michaelhaven,"AK 21988""",williamschristy@hotmail.com,496,APPEND,2021-01-12T19:42:06.000Z
Williamsshire,"NV 85837""",htrujillo@galvan.biz,850,APPEND,2021-01-09T05:34:29.000Z
Travistown,"VA 72419""",jenniferwilliams@ferguson.org,810,APPEND,2021-01-18T02:58:44.000Z
New Randyport,"SC 04450""",igarcia@yahoo.com,347,APPEND,2021-01-10T07:12:29.000Z
West Christopher,"MD 02704""",stephanie62@anderson-brown.com,269,APPEND,2021-01-18T09:54:12.000Z
Spencerburgh,"TN 41412""",johnsonzachary@ortiz.com,494,APPEND,2021-01-07T12:39:15.000Z
Dominguezside,"OR 99618""",smithanne@yahoo.com,515,APPEND,2021-01-10T11:45:28.000Z
Christineside,"ND 81363""",hkennedy@carey.com,294,APPEND,2021-01-09T09:51:22.000Z
Allisonchester,"NH 58871""",brian95@wilkerson.com,462,APPEND,2021-01-16T07:21:24.000Z
Sherrishire,"ME 22849""",heathersmith@hotmail.com,988,APPEND,2021-01-11T22:51:06.000Z
Julieville,"AK 50696""",katrinarussell@gmail.com,143,APPEND,2021-01-16T15:48:05.000Z
Lake Geoffrey,"NV 18144""",ann16@gmail.com,586,APPEND,2021-01-11T05:42:54.000Z
North William,"ND 82885""",nielsenalex@arellano-merritt.com,673,APPEND,2021-01-14T07:28:20.000Z
Smithbury,"SC 24524""",fullerjustin@hotmail.com,383,APPEND,2021-01-10T04:24:53.000Z
Edwardsland,"MN 18165""",ashley39@jackson-reyes.com,148,APPEND,2021-01-11T07:29:39.000Z
North Erictown,"VA 96365""",kristen22@solomon-richardson.org,391,APPEND,2021-01-15T20:05:40.000Z
New Gloria,"VT 30501""",wayne56@hotmail.com,508,APPEND,2021-01-15T20:56:00.000Z
East Caitlin,"IN 04895""",douglasphillips@yahoo.com,528,APPEND,2021-01-07T20:07:10.000Z
New Christopher,"DE 82342""",petersdaniel@yahoo.com,307,APPEND,2021-01-16T07:50:33.000Z
New Kennethmouth,"TX 12267""",zrobinson@miller.info,980,APPEND,2021-01-13T01:42:33.000Z
South Jaredstad,"AL 37466""",sherry90@gmail.com,752,APPEND,2021-01-13T10:31:08.000Z
New Karenfort,"KS 55704""",sbowman@barton.com,839,APPEND,2021-01-13T18:40:12.000Z
Port Kennethchester,"MO 15908""",matthew78@gmail.com,766,APPEND,2021-01-08T18:02:49.000Z
Lake Christy,"AZ 34924""",cclark@hotmail.com,690,APPEND,2021-01-18T02:20:58.000Z
North Alexmouth,"MD 56410""",jonathan73@gmail.com,846,APPEND,2021-01-18T12:06:45.000Z
New Thomashaven,"RI 52758""",strongtyler@hotmail.com,416,APPEND,2021-01-10T21:46:52.000Z
New Sarahmouth,"WV 86239""",james60@nicholson.com,134,APPEND,2021-01-15T02:06:29.000Z
Shermanmouth,"TN 14918""",patrickflores@gmail.com,233,APPEND,2021-01-18T15:59:22.000Z
Port Matthewmouth,"WV 90998""",casey33@little-adams.org,418,APPEND,2021-01-09T03:42:36.000Z
Michaelside,"ID 88017""",darren60@levy.biz,127,APPEND,2021-01-07T21:22:43.000Z
Davidborough,"TN 36149""",harringtonangela@hotmail.com,990,APPEND,2021-01-09T23:10:13.000Z
West Robert,"MS 46657""",selena48@gonzalez-myers.com,920,APPEND,2021-01-14T18:34:51.000Z
Danielmouth,"AZ 08790""",cynthia52@nash.info,824,APPEND,2021-01-10T06:30:29.000Z
Shawmouth,"LA 68278""",brittanyjohnston@davis.com,440,APPEND,2021-01-08T20:53:37.000Z
North Paulbury,"NM 50026""",hestrada@yahoo.com,330,APPEND,2021-01-08T12:00:08.000Z
Jennifertown,"TN 34435""",gyoung@gmail.com,509,APPEND,2021-01-17T22:25:13.000Z
Vasquezhaven,"AL 00629""",wallacebenjamin@doyle.info,448,APPEND,2021-01-13T03:53:19.000Z
New Andrea,"CA 11555""",qnelson@mcintyre-thomas.info,431,APPEND,2021-01-15T20:57:47.000Z
Austinburgh,"SC 88013""",kayla03@yahoo.com,541,APPEND,2021-01-12T04:09:25.000Z
Amyborough,"UT 91579""",seanjones@fisher.com,145,APPEND,2021-01-17T06:48:10.000Z
Lake Keith,"MD 56259""",ithompson@baker.com,602,APPEND,2021-01-15T22:28:59.000Z
Conradborough,"TX 29768""",martinezjoseph@hotmail.com,135,APPEND,2021-01-13T17:13:54.000Z
Lake John,"VT 56577""",pettyrichard@cordova.org,335,APPEND,2021-01-13T19:01:14.000Z
Turnerport,"AR 93605""",udaniels@yahoo.com,336,APPEND,2021-01-10T01:36:20.000Z
Lindseyshire,"NC 62200""",wfields@gmail.com,789,APPEND,2021-01-09T05:54:39.000Z
West Joshua,"ND 86400""",gregorydenise@yahoo.com,659,APPEND,2021-01-14T04:05:30.000Z
North Elizabethton,"OK 77325""",racheldiaz@yahoo.com,944,APPEND,2021-01-16T15:03:08.000Z
South Jennifer,"LA 88566""",monicawhite@johns.net,82,APPEND,2021-01-07T19:02:47.000Z
Patrickborough,"TX 26248""",zhumphrey@gmail.com,790,APPEND,2021-01-15T23:45:37.000Z
Nicolefurt,"ME 12538""",bryantdakota@hotmail.com,7,APPEND,2021-01-15T01:55:40.000Z
Allenberg,"RI 50516""",larrynovak@mueller-cohen.com,885,APPEND,2021-01-10T21:30:33.000Z
Pooleburgh,"OR 50999""",ycollins@gmail.com,511,APPEND,2021-01-10T01:23:24.000Z
West Heidi,"NM 89544""",npayne@gmail.com,755,APPEND,2021-01-17T00:12:44.000Z
Ortizview,"OH 64654""",wsalinas@brown.com,414,APPEND,2021-01-16T03:32:48.000Z
South Mistyfurt,"CO 32435""",lindalamb@james-anderson.com,5,APPEND,2021-01-09T21:25:37.000Z
Markport,"MT 76320""",gutierrezjasmine@newman-miller.com,108,APPEND,2021-01-15T10:57:17.000Z
New Anthony,"NM 33241""",rhayes@gmail.com,623,APPEND,2021-01-18T18:42:01.000Z
North Derekmouth,"AL 63126""",echavez@hotmail.com,326,APPEND,2021-01-14T00:34:37.000Z
Meghanbury,"DE 57936""",patrick04@yahoo.com,406,APPEND,2021-01-10T17:13:30.000Z
South Tammyfort,"MA 05090""",zwilliams@yahoo.com,200,APPEND,2021-01-13T15:01:17.000Z
New Evanton,"OH 20412""",hillvictoria@gmail.com,828,APPEND,2021-01-12T19:06:29.000Z
West Ricardoville,"ND 74427""",anthonybell@hotmail.com,549,APPEND,2021-01-14T12:26:52.000Z
Boydtown,"NC 27497""",fbaird@gmail.com,688,APPEND,2021-01-13T02:36:45.000Z
Shaunfort,"MT 41360""",ericarroyo@reyes-randall.info,102,APPEND,2021-01-13T03:24:14.000Z
Port Susan,"AR 83679""",michele41@yahoo.com,138,APPEND,2021-01-07T19:31:58.000Z
Kimberlyshire,"RI 23693""",strongjerry@yahoo.com,166,APPEND,2021-01-17T01:56:40.000Z
Port Margaret,"WY 40645""",walkereric@allen.com,444,APPEND,2021-01-15T14:40:55.000Z
Aaronchester,"ID 86230""",umiles@dennis-durham.net,923,APPEND,2021-01-15T01:55:45.000Z
Johnsonfort,"RI 01737""",carrieblack@alvarez.com,568,APPEND,2021-01-11T18:57:22.000Z
New John,"LA 10075""",davisloretta@young-oneal.com,106,APPEND,2021-01-11T15:02:12.000Z
Lake Raymondhaven,"WY 86156""",timothy49@mcbride-knapp.com,533,APPEND,2021-01-09T13:06:18.000Z
Martintown,"NJ 30002""",ubaker@bradford-cook.org,554,APPEND,2021-01-16T15:48:26.000Z
Lake Taylortown,"LA 62780""",kolsen@gmail.com,109,DELETE,2021-01-18T04:11:26.000Z
Bassbury,"ME 41533""",mrussell@hotmail.com,802,APPEND,2021-01-11T19:35:26.000Z
Erinberg,"SD 13484""",michaelhardy@walter.com,953,APPEND,2021-01-13T03:19:11.000Z
Lake Sarah,"ME 45355""",vfisher@gmail.com,209,APPEND,2021-01-15T04:00:01.000Z
Taylorland,"KS 08468""",riverajessica@hotmail.com,42,APPEND,2021-01-12T08:57:49.000Z
East Kimberlyhaven,"MI 06824""",xbooth@hotmail.com,682,APPEND,2021-01-11T07:51:19.000Z
New Brandon,"HI 42789""",hernandezjessica@gmail.com,177,APPEND,2021-01-12T15:23:56.000Z
Brandonmouth,"MT 71116""",henrymegan@gmail.com,15,APPEND,2021-01-11T17:12:43.000Z
New Mary,"AL 44065""",taylorflowers@gmail.com,100,APPEND,2021-01-07T20:42:38.000Z
Port Michaelborough,"SC 66769""",jamessmith@gmail.com,277,APPEND,2021-01-11T00:28:49.000Z
South Cassandra,"NC 72872""",jbrown@richard.net,518,APPEND,2021-01-12T04:17:17.000Z
Susanton,"NH 01574""",trantasha@gmail.com,339,APPEND,2021-01-17T01:44:35.000Z
Port Thomas,"IL 13244""",allenryan@gmail.com,640,APPEND,2021-01-09T03:02:43.000Z
Hunterborough,"MO 09209""",manningangela@yahoo.com,901,APPEND,2021-01-08T06:01:49.000Z
Lake Jessicaton,"AK 91823""",tgarcia@yahoo.com,567,APPEND,2021-01-10T01:56:31.000Z
East Bill,"SC 41050""",michelle90@hotmail.com,769,APPEND,2021-01-16T04:53:08.000Z
New Joshuatown,"CT 58230""",dylan82@gomez.net,558,APPEND,2021-01-13T20:22:19.000Z
Lake Nathan,"AK 34489""",cwilliams@martin-patel.net,380,APPEND,2021-01-08T00:23:54.000Z
Danielleview,"NV 82349""",blacksteven@lynch.biz,587,APPEND,2021-01-18T21:05:04.000Z
East Russellfurt,"LA 56436""",elewis@yahoo.com,842,APPEND,2021-01-18T16:38:07.000Z
Dominiqueside,"AK 26824""",sbarton@mccullough.com,729,APPEND,2021-01-17T05:06:04.000Z
Harrisstad,"SC 03039""",smithalexis@yahoo.com,525,APPEND,2021-01-16T12:02:08.000Z
Schneiderfort,"WY 40949""",elizabethpena@miller-mueller.com,561,APPEND,2021-01-15T17:45:42.000Z
Millsland,"WY 42414""",sarahwilliams@alexander.com,991,APPEND,2021-01-16T22:48:16.000Z
North Dean,"CA 14781""",joel31@yahoo.com,654,APPEND,2021-01-07T12:18:36.000Z
Port Jennifer,"IL 94689""",shannon48@taylor.com,363,APPEND,2021-01-18T01:30:25.000Z
Cordovaside,"KY 38436""",cali@wang-kent.org,185,APPEND,2021-01-16T19:32:54.000Z
New Tracey,"IN 71943""",qellis@hotmail.com,965,APPEND,2021-01-15T21:44:57.000Z
Donaldberg,"HI 42429""",baldwinmatthew@gmail.com,662,APPEND,2021-01-18T16:52:07.000Z
Alyssafurt,"CA 75434""",fosterdiane@yahoo.com,894,APPEND,2021-01-11T16:53:09.000Z
Lake Cheryl,"MD 20362""",monica55@lang-flores.com,565,APPEND,2021-01-08T04:16:17.000Z
Spencerton,"LA 49208""",brian03@gross-campbell.com,279,APPEND,2021-01-12T21:59:18.000Z
North Laura,"VT 09688""",rushkatherine@wilson.com,196,APPEND,2021-01-09T14:28:49.000Z
Patrickville,"SC 64666""",oschmidt@yahoo.com,441,APPEND,2021-01-17T18:35:44.000Z
Brianberg,"AK 09358""",angelahall@white-miller.com,461,APPEND,2021-01-12T15:29:14.000Z
East Meganchester,"NJ 21131""",taylorjacob@sanchez.com,183,APPEND,2021-01-08T22:49:30.000Z
Tonyaborough,"LA 72004""",omckenzie@gmail.com,728,APPEND,2021-01-12T20:37:38.000Z
Evanport,"WA 10729""",gmurray@higgins.biz,459,APPEND,2021-01-13T07:48:59.000Z
Macdonaldmouth,"GA 63907""",maddenkimberly@thornton.com,574,APPEND,2021-01-09T23:41:54.000Z
West Rachaelborough,"ID 72521""",christinamoran@price.info,723,APPEND,2021-01-17T07:46:53.000Z
East Kyle,"NE 06670""",chavezjoseph@hotmail.com,31,APPEND,2021-01-16T00:17:35.000Z
Lake Jonstad,"NJ 11970""",andrewelliott@ramirez.com,751,APPEND,2021-01-08T21:34:39.000Z
West Keith,"NC 60462""",nathandorsey@jackson-castro.com,899,APPEND,2021-01-16T21:16:02.000Z
Johnsonstad,"OK 08154""",rshepard@gmail.com,912,APPEND,2021-01-11T10:26:29.000Z
Douglasview,"OR 29764""",mitchelleaton@gutierrez-perez.com,562,APPEND,2021-01-10T23:08:23.000Z
Smithborough,"NE 42925""",joseph19@yahoo.com,396,APPEND,2021-01-15T21:59:20.000Z
West Josefurt,"ME 36363""",lisa79@gmail.com,958,APPEND,2021-01-08T08:33:42.000Z
Teresamouth,"KS 03957""",alexanderwilliamson@hotmail.com,924,APPEND,2021-01-14T23:52:30.000Z
Goodbury,"AL 87083""",dalton33@daniels-ortega.com,829,APPEND,2021-01-16T02:37:24.000Z
East Ellen,"RI 78408""",herrerabrendan@edwards.org,458,APPEND,2021-01-17T05:12:06.000Z
Nicholasville,"FL 54783""",thomas71@snyder-arnold.com,522,APPEND,2021-01-08T04:21:10.000Z
Ritastad,"IL 53986""",pnovak@hotmail.com,356,APPEND,2021-01-09T03:40:33.000Z
Lake James,"WV 32663""",michaelthompson@knapp.biz,241,APPEND,2021-01-12T12:02:49.000Z
Stephenport,"CT 01557""",cwallace@nunez.org,767,APPEND,2021-01-11T20:51:02.000Z
South Danielshire,"MT 17875""",gonzalezeric@gmail.com,793,APPEND,2021-01-09T15:10:20.000Z
South Courtneytown,"GA 22364""",lperry@hotmail.com,498,APPEND,2021-01-13T06:45:49.000Z
Adamville,"HI 68759""",christopherjones@nguyen-romero.biz,12,APPEND,2021-01-18T22:02:27.000Z
East Cassandrafort,"AR 81537""",xwilliams@yahoo.com,218,APPEND,2021-01-13T18:52:50.000Z
New Ashleymouth,"CO 83231""",smithalexander@yahoo.com,702,APPEND,2021-01-15T12:15:35.000Z
Holderberg,"LA 94078""",edwardzamora@foster-nichols.com,54,APPEND,2021-01-07T18:39:50.000Z
North Regina,"TX 55098""",washingtonvictoria@hoffman.info,37,APPEND,2021-01-08T17:20:33.000Z
Sharonburgh,"NJ 89154""",elizabeth35@hotmail.com,628,APPEND,2021-01-12T22:08:56.000Z
Greenebury,"SC 25149""",diazadam@gmail.com,84,APPEND,2021-01-12T10:46:15.000Z
East Brenda,"GA 59972""",collinslisa@thompson.biz,631,APPEND,2021-01-17T13:26:49.000Z
Stephaniehaven,"NV 23994""",yvonnepham@gmail.com,685,APPEND,2021-01-13T16:08:30.000Z
West Christina,"ND 84043""",benjaminfrancis@hill.org,856,APPEND,2021-01-08T18:47:07.000Z
Maureenborough,"SD 65692""",erivera@cox.com,935,APPEND,2021-01-11T19:30:39.000Z
Lake Antonio,"ID 18092""",gravesalisha@salas-blackwell.com,296,APPEND,2021-01-08T14:06:03.000Z
Matthewhaven,"IL 72620""",justinperez@lee-butler.com,88,APPEND,2021-01-07T17:18:14.000Z
New Tammy,"WY 99290""",derek25@jones-jackson.com,118,APPEND,2021-01-18T10:39:30.000Z
Stephaniemouth,"TN 80511""",bglenn@herrera.info,322,APPEND,2021-01-15T14:43:40.000Z
South James,"AK 53116""",gaineskirsten@cook.com,460,APPEND,2021-01-18T02:16:29.000Z
West Emilyshire,"WI 98569""",carrollmarcus@lyons-jones.biz,819,APPEND,2021-01-11T13:32:05.000Z
South Jon,"MS 84678""",oanderson@frank.org,447,APPEND,2021-01-10T08:11:03.000Z
South Carriechester,"MS 60627""",chavezjesse@hotmail.com,994,APPEND,2021-01-08T10:11:39.000Z
South Bradyview,"MD 76737""",halebrian@gmail.com,849,APPEND,2021-01-11T13:49:59.000Z
Melaniemouth,"IN 06213""",mgriffin@taylor-jordan.com,592,APPEND,2021-01-09T21:27:09.000Z
North Joyceville,"ME 42825""",jonesbrandon@hill.biz,812,APPEND,2021-01-13T17:54:54.000Z
South Leeshire,"LA 87831""",sandywhite@gmail.com,876,APPEND,2021-01-15T14:02:35.000Z
Nicholasland,"MI 03253""",shaunwilson@williams.com,398,APPEND,2021-01-16T21:13:17.000Z
West Joseph,"CA 46322""",willie03@yahoo.com,840,APPEND,2021-01-12T07:02:30.000Z
South Tracy,"WI 35925""",brandylandry@johnson.com,999,APPEND,2021-01-11T04:01:32.000Z
Lake Lori,"CT 05957""",dannyzhang@espinoza.com,48,APPEND,2021-01-16T11:18:20.000Z
East Anafort,"VT 30672""",matthewwolfe@williams-ortiz.info,421,APPEND,2021-01-16T21:36:12.000Z
South Brianna,"CA 83807""",christopher98@carpenter-lynn.com,214,APPEND,2021-01-08T19:29:33.000Z
Port Ronnieborough,"NH 41746""",ktaylor@wade-martinez.com,86,APPEND,2021-01-09T21:00:34.000Z
Jonesberg,"NY 66081""",ramossamuel@potter.com,868,APPEND,2021-01-17T12:10:59.000Z
Oliviastad,"IL 76941""",brandonjohnson@harper.com,740,APPEND,2021-01-17T16:06:16.000Z
Marshallberg,"MT 40409""",jamiewalker@hotmail.com,582,APPEND,2021-01-15T08:54:12.000Z
Cookfort,"ID 16039""",marissagraham@jimenez.com,941,APPEND,2021-01-16T06:26:00.000Z
East Scottfort,"KY 48066""",bryantchristopher@zamora.com,63,DELETE,2021-01-14T20:24:25.000Z
Boydhaven,"PA 15081""",pgomez@hotmail.com,556,APPEND,2021-01-14T04:02:27.000Z
South Jenniferport,"NV 69417""",gregorycoleman@rogers-gilbert.com,232,APPEND,2021-01-09T06:28:49.000Z
Port Amanda,"NM 25481""",codyschmidt@gamble.com,310,APPEND,2021-01-09T16:37:46.000Z
Blairchester,"NC 03581""",danielle91@stafford-nelson.com,219,APPEND,2021-01-16T01:49:26.000Z
Whiteside,"SD 91345""",andersonjames@gmail.com,649,APPEND,2021-01-15T16:30:10.000Z
Jeffreyborough,"WV 10428""",gonzalesrebecca@phillips-george.info,236,APPEND,2021-01-12T15:09:27.000Z
Annettebury,"LA 61408""",lisabrown@moore.com,787,APPEND,2021-01-18T03:59:05.000Z
East Scottfort,"KY 48066""",bryantchristopher@zamora.com,63,APPEND,2021-01-11T22:28:27.000Z
New Samuel,"UT 26352""",stevenbrown@vaughan.com,982,APPEND,2021-01-12T09:07:24.000Z
Mooretown,"MT 84003""",danielmoore@gmail.com,796,APPEND,2021-01-09T06:01:58.000Z
Port Matthewtown,"FL 97813""",cynthia72@hotmail.com,126,APPEND,2021-01-12T16:25:54.000Z
Gregoryburgh,"IN 91714""",jburnett@gmail.com,317,APPEND,2021-01-15T17:45:31.000Z
South Caitlin,"ME 28946""",gregory16@brown-oliver.com,715,APPEND,2021-01-18T06:14:54.000Z
Websterhaven,"VA 45717""",terri69@rodgers.biz,253,APPEND,2021-01-11T06:23:56.000Z
Clementsview,"GA 51747""",william51@merritt.com,227,APPEND,2021-01-14T08:08:09.000Z
Hodgestown,"NV 28895""",mortoneric@yahoo.com,248,APPEND,2021-01-10T06:10:44.000Z
Nicolehaven,"CA 45098""",carlos31@mcmillan-hayes.org,293,APPEND,2021-01-13T13:08:35.000Z
Schneiderland,"NH 94201""",wellison@gmail.com,481,APPEND,2021-01-16T11:27:40.000Z
East Brittany,"NV 80135""",tphillips@mays-sanders.com,626,APPEND,2021-01-16T16:48:07.000Z
Freemanview,"MA 53797""",sonyaswanson@zuniga.com,777,APPEND,2021-01-10T06:22:42.000Z
South Michellestad,"OR 24286""",kfloyd@hancock.biz,589,APPEND,2021-01-14T04:46:52.000Z
Aaronton,"MD 56685""",hendersonbrett@yahoo.com,720,APPEND,2021-01-15T14:43:05.000Z
North Sethfort,"AL 53216""",thompsonbrenda@yahoo.com,646,APPEND,2021-01-09T17:38:50.000Z
Port Michaelstad,"DC 38778""",masonisaiah@yahoo.com,603,APPEND,2021-01-16T02:41:03.000Z
Marquezburgh,"CT 94362""",hansenann@solomon.info,724,APPEND,2021-01-12T04:07:51.000Z
Robersonfurt,"TN 99862""",scottsnyder@johnson.com,194,APPEND,2021-01-11T02:27:04.000Z
Port Laurenburgh,"GA 22324""",mark41@gmail.com,301,APPEND,2021-01-11T06:09:22.000Z
New Nancy,"WA 67942""",fallen@bautista-dean.org,120,APPEND,2021-01-09T16:31:58.000Z
West Kristenport,"VA 41611""",powellethan@hotmail.com,716,APPEND,2021-01-13T01:58:44.000Z
Brendatown,"VA 16804""",nevans@lee-rivers.net,152,APPEND,2021-01-12T00:49:49.000Z
Katherineborough,"FL 51408""",aaronwalters@allison.com,845,APPEND,2021-01-07T22:56:24.000Z
New Frankberg,"ME 89602""",alexandermyers@gmail.com,276,APPEND,2021-01-09T06:10:24.000Z
Lake Rachel,"MI 16739""",warnercody@hotmail.com,210,APPEND,2021-01-14T04:05:48.000Z
South Ryanland,"AZ 56332""",john68@logan.info,734,APPEND,2021-01-10T06:56:58.000Z
North Natalie,"TN 97363""",vbell@campbell-medina.net,393,APPEND,2021-01-16T08:16:18.000Z
Smithberg,"RI 56678""",nsantos@hotmail.com,526,APPEND,2021-01-12T15:55:01.000Z
New Brendahaven,"SC 66522""",aguirrejessica@hotmail.com,852,APPEND,2021-01-18T21:21:18.000Z
Smithmouth,"VT 08619""",jackwilson@yahoo.com,800,APPEND,2021-01-14T04:19:29.000Z
Lake Michael,"ID 34558""",hooverjose@mendez.com,321,APPEND,2021-01-08T03:32:53.000Z
South Stephen,"OR 85575""",tiffanykelly@jones.org,848,APPEND,2021-01-15T05:47:58.000Z
South Shanebury,"IL 77145""",beverlyharris@gmail.com,73,APPEND,2021-01-10T22:17:20.000Z
Mcmillanstad,"GA 21083""",sarahtaylor@yahoo.com,157,APPEND,2021-01-09T21:15:18.000Z
New Calvinbury,"CT 90265""",khodges@green.org,140,APPEND,2021-01-12T08:18:40.000Z
West Erinshire,"OR 87107""",mcfarlandjoshua@dixon.com,507,APPEND,2021-01-18T19:56:47.000Z
Emilyfort,"MO 26641""",wmoreno@boyd.com,36,APPEND,2021-01-15T06:28:25.000Z
West Melissa,"NM 71121""",nelsonjames@hotmail.com,51,APPEND,2021-01-08T01:31:02.000Z
Port Christyville,"NH 06273""",clarencemiles@garcia-smith.org,995,APPEND,2021-01-07T17:07:26.000Z
South Kathy,"RI 17325""",shawn61@hotmail.com,401,APPEND,2021-01-09T19:59:54.000Z
South Megan,"PA 26217""",qsmith@strickland-mitchell.com,909,APPEND,2021-01-12T23:28:19.000Z
Jonathanhaven,"MN 56882""",fjohnson@boyd.net,960,APPEND,2021-01-14T03:09:07.000Z
Lake Bridgetberg,"RI 97645""",yorkjesse@weaver-sanders.com,87,APPEND,2021-01-13T07:06:46.000Z
East Lisafurt,"ND 80387""",catherine21@hotmail.com,320,APPEND,2021-01-08T03:04:22.000Z
Valerieborough,"RI 31656""",smithwilliam@hotmail.com,745,APPEND,2021-01-09T00:24:05.000Z
Jennafurt,"OK 39046""",daystacy@bonilla.biz,446,DELETE,2021-01-14T14:20:12.000Z
South Angela,"AK 86977""",christopher89@rogers.net,299,APPEND,2021-01-18T12:06:18.000Z
New Sandrafort,"FL 68684""",madison02@yahoo.com,594,APPEND,2021-01-16T09:45:11.000Z
Kaylaland,"NY 22587""",theresatapia@brown-white.com,215,APPEND,2021-01-15T08:19:48.000Z
Carolberg,"MA 01846""",gibsonblake@white.com,637,APPEND,2021-01-07T11:08:49.000Z
Port Gary,"ND 67381""",carrevan@yahoo.com,251,APPEND,2021-01-09T00:49:34.000Z
East Tammyshire,"VT 87657""",marcperez@brewer-hoover.info,632,APPEND,2021-01-12T17:07:25.000Z
Lake Robert,"OH 75412""",kellychapman@briggs.com,826,APPEND,2021-01-10T13:32:25.000Z
Johnside,"MN 06215""",eflowers@vasquez.net,934,APPEND,2021-01-17T06:07:38.000Z
Jessicaland,"WV 07559""",garciaralph@bennett-jenkins.com,998,APPEND,2021-01-17T14:30:27.000Z
Lyonsville,"WA 13835""",lwoods@mitchell.net,615,APPEND,2021-01-09T02:44:30.000Z
Jarvisland,"IN 05569""",markkrause@walker-osborne.biz,786,APPEND,2021-01-13T21:33:14.000Z
New Benjaminton,"NY 14928""",jennifer30@thomas-fowler.com,271,APPEND,2021-01-15T05:12:10.000Z
Frenchstad,"UT 69498""",hlong@stanton-hart.info,432,APPEND,2021-01-14T19:49:58.000Z
East Lorifurt,"SC 88485""",jennifer84@yahoo.com,873,APPEND,2021-01-18T04:05:02.000Z
Joyceland,"NV 67118""",james25@marsh.com,886,APPEND,2021-01-10T01:35:11.000Z
West Christinechester,"OR 04363""",perezjohn@gmail.com,748,APPEND,2021-01-16T08:26:45.000Z
South Matthewhaven,"SC 73304""",raymondruiz@yahoo.com,423,APPEND,2021-01-17T18:46:44.000Z
East Lisa,"AK 30241""",robert76@roth-santiago.com,517,APPEND,2021-01-16T18:40:33.000Z
East Stephanie,"WV 55440""",corteztravis@davis.com,372,APPEND,2021-01-15T22:40:50.000Z
South Robertmouth,"NV 66498""",mwolf@hotmail.com,265,APPEND,2021-01-15T05:19:08.000Z
Watkinsfurt,"NE 48347""",jnguyen@hotmail.com,402,APPEND,2021-01-12T12:45:55.000Z
Wilsonland,"IN 29864""",powerswalter@yahoo.com,436,APPEND,2021-01-12T12:31:19.000Z
East Michaelchester,"MN 54514""",jasonchapman@burton-hudson.com,834,APPEND,2021-01-11T13:22:22.000Z
Joelstad,"NJ 71848""",woodsmelanie@gmail.com,854,APPEND,2021-01-14T17:51:24.000Z
Longton,"IA 51558""",ugriffin@hamilton.com,706,APPEND,2021-01-13T22:51:20.000Z
New Joshua,"VA 98595""",michael74@thompson-tucker.com,125,APPEND,2021-01-18T20:20:52.000Z
Diazbury,"NH 06094""",dreynolds@moreno.net,694,APPEND,2021-01-15T07:53:23.000Z
North Elizabethberg,"RI 44017""",torresmichael@brown-stone.com,956,APPEND,2021-01-08T02:40:02.000Z
North Jamesmouth,"MN 96537""",vanessatownsend@yahoo.com,439,APPEND,2021-01-15T16:37:38.000Z
Port Jasmine,"NJ 33199""",susansalazar@clark-garcia.net,922,APPEND,2021-01-14T23:21:36.000Z
Lamtown,"LA 07617""",tiffanybowen@yahoo.com,41,APPEND,2021-01-16T15:07:15.000Z
Joseberg,"NC 22663""",ronald27@chen-thomas.com,578,APPEND,2021-01-18T03:24:05.000Z
Matthewsfort,"KS 59728""",william47@marshall.com,394,APPEND,2021-01-09T09:24:53.000Z
Paulview,"OR 42593""",hayeslori@gardner.net,853,APPEND,2021-01-10T01:57:41.000Z
Jacobfurt,"ME 81755""",ebony58@hotmail.com,365,APPEND,2021-01-08T15:37:01.000Z
Byrdport,"VT 64054""",zjacobson@yahoo.com,575,APPEND,2021-01-18T15:14:31.000Z
New Brianside,"OH 27206""",wpearson@hotmail.com,634,APPEND,2021-01-15T00:54:25.000Z
South Anthonyhaven,"OH 78653""",katherine20@mills.com,830,APPEND,2021-01-14T06:19:56.000Z
West Courtneyshire,"NE 75095""",smithandrew@hotmail.com,175,APPEND,2021-01-09T21:59:09.000Z
North Hannahfurt,"TX 22683""",fmartinez@thomas.net,470,APPEND,2021-01-14T19:07:56.000Z
Staceyborough,"LA 76208""",kmeadows@jensen.net,137,APPEND,2021-01-17T17:12:33.000Z
West Amanda,"IN 63791""",woodwardsteven@douglas.com,211,APPEND,2021-01-13T02:02:59.000Z
Georgemouth,"NC 15635""",larry86@sanchez.com,660,APPEND,2021-01-15T20:25:50.000Z
Christineview,"MO 98690""",lgarcia@hill-english.com,308,APPEND,2021-01-08T13:01:17.000Z
Lake Larryview,"UT 37327""",jackmontgomery@yahoo.com,60,APPEND,2021-01-10T20:05:11.000Z
New Jessicaberg,"TX 48853""",sotoralph@murphy.org,613,APPEND,2021-01-15T10:36:59.000Z
Port Jessica,"NY 54264""",rmitchell@casey.com,419,APPEND,2021-01-12T13:05:48.000Z
Port Laurenbury,"WI 04184""",john87@gmail.com,933,APPEND,2021-01-09T22:33:40.000Z
New Kellyport,"RI 39288""",yvillegas@gmail.com,967,APPEND,2021-01-08T02:57:34.000Z
Jeffreystad,"OH 54725""",jill56@gmail.com,798,APPEND,2021-01-13T15:18:45.000Z
Lake Dawn,"PA 53349""",nscott@perry-hernandez.com,319,APPEND,2021-01-12T01:36:42.000Z
South Charlesview,"NV 23396""",aliciajones@gmail.com,413,APPEND,2021-01-13T14:45:06.000Z
Harrisonhaven,"NC 21369""",kimberly59@gmail.com,738,APPEND,2021-01-17T17:40:37.000Z
Smithfurt,"KS 42431""",karen98@jackson.com,599,APPEND,2021-01-16T14:15:03.000Z
South Walter,"CO 56587""",ashleescott@burke-moran.com,116,APPEND,2021-01-11T15:15:11.000Z
North Robertmouth,"HI 11355""",florescraig@navarro.com,833,APPEND,2021-01-11T14:15:14.000Z
Michaelfort,"TX 38321""",melaniepadilla@james.info,132,APPEND,2021-01-13T15:40:03.000Z
Hardyberg,"SD 09460""",jennifercampbell@simmons.com,785,APPEND,2021-01-18T04:59:55.000Z
Courtneyside,"SC 05348""",edwardlyons@young.com,485,APPEND,2021-01-17T08:44:11.000Z
Annaberg,"PA 45132""",martintyler@gmail.com,557,APPEND,2021-01-09T00:51:18.000Z
Port Bryan,"TN 35093""",bhunt@hotmail.com,229,APPEND,2021-01-10T04:10:43.000Z
Prattchester,"MO 65050""",lisawade@bell.com,449,APPEND,2021-01-14T15:52:58.000Z
Clarkemouth,"NM 12916""",sandrasoto@hamilton.com,410,APPEND,2021-01-13T20:00:43.000Z
Romeromouth,"NM 36547""",warrendavid@foster.com,656,APPEND,2021-01-15T13:18:30.000Z
Ramirezberg,"ID 69324""",jobrien@yahoo.com,972,APPEND,2021-01-08T06:36:39.000Z
West Josephland,"SC 07780""",chadperez@yahoo.com,189,APPEND,2021-01-17T02:43:30.000Z
Port Gabrielle,"AL 25274""",rsmith@martin-jimenez.com,74,APPEND,2021-01-12T20:29:39.000Z
Brenttown,"DC 27761""",nicole94@gmail.com,887,APPEND,2021-01-11T00:42:42.000Z
New Nancymouth,"NJ 92681""",benjamin97@parsons-morris.com,46,APPEND,2021-01-17T03:02:16.000Z
Garciaside,"VT 44550""",dpacheco@thompson-brown.biz,625,APPEND,2021-01-12T11:35:47.000Z
East Robert,"CO 34080""",shawjeremy@hotmail.com,224,APPEND,2021-01-09T19:46:11.000Z
New Codyville,"TN 40286""",jeremypeterson@kelly.com,630,APPEND,2021-01-10T18:41:56.000Z
Angeltown,"KS 42645""",natashahuber@moreno-mcdonald.biz,415,APPEND,2021-01-15T15:53:14.000Z
New Erin,"ME 58654""",ashley61@ortiz.info,669,APPEND,2021-01-10T23:35:09.000Z
Lake Jeffreyfort,"MS 32874""",boydjeremy@gmail.com,123,APPEND,2021-01-09T13:15:48.000Z
New Felicia,"KY 22255""",hlewis@french.com,493,APPEND,2021-01-17T09:28:26.000Z
East Victorside,"VA 26978""",blackjason@gmail.com,950,APPEND,2021-01-14T17:07:41.000Z
North Sheilastad,"AZ 08251""",parkermichele@hotmail.com,482,APPEND,2021-01-09T01:51:00.000Z
Chadton,"MN 00700""",mhuang@mckinney.net,550,APPEND,2021-01-17T07:38:15.000Z
Christineland,"ID 65610""",harold42@williams-arroyo.com,817,APPEND,2021-01-18T20:05:55.000Z
Parsonsburgh,"NM 00575""",cainandrea@hotmail.com,94,APPEND,2021-01-09T01:19:58.000Z
Adkinsberg,"IN 46937""",julie12@yahoo.com,657,APPEND,2021-01-13T08:51:56.000Z
Port Patriciaburgh,"LA 03798""",robertsanders@yahoo.com,805,APPEND,2021-01-13T11:06:46.000Z
Garciaton,"CT 78612""",janet52@gmail.com,231,APPEND,2021-01-18T17:31:05.000Z
East Ginashire,"NC 10893""",fmoore@bowers.com,954,APPEND,2021-01-18T09:37:33.000Z
Wilsonshire,"LA 11814""",wilsonchristopher@gmail.com,510,APPEND,2021-01-13T05:46:37.000Z
Thomasview,"NV 65951""",fernandezhaley@lowery.biz,49,APPEND,2021-01-17T02:19:20.000Z
Stephanieborough,"MN 00670""",yperez@stone.com,325,APPEND,2021-01-11T07:28:56.000Z
South Roy,"ME 16488""",bstewart@gmail.com,153,APPEND,2021-01-18T05:17:50.000Z
Monicashire,"MI 63280""",sarahsmith@davenport-shah.com,520,APPEND,2021-01-17T18:23:31.000Z
Julianfort,"DE 93610""",tallen@gmail.com,943,APPEND,2021-01-18T23:16:15.000Z
Port Sean,"SC 40228""",robert98@gmail.com,146,APPEND,2021-01-16T21:40:37.000Z
Lake Janeland,"ME 98476""",michellepeterson@taylor.com,110,APPEND,2021-01-10T21:43:45.000Z
Shepardstad,"HI 70309""",richard64@marsh.com,274,APPEND,2021-01-11T06:30:33.000Z
New Abigailburgh,"MT 51324""",greenepaul@morrison.net,710,APPEND,2021-01-11T06:36:19.000Z
Lake Johnhaven,"CO 45863""",erikjohnson@yahoo.com,731,APPEND,2021-01-13T15:46:40.000Z
Malloryton,"OK 85182""",cameron46@donaldson-perry.com,672,APPEND,2021-01-09T15:44:22.000Z
Port Alex,"MT 68589""",jonstewart@bean.biz,612,APPEND,2021-01-17T03:28:10.000Z
Kevinshire,"NY 54500""",michele66@harper.com,487,APPEND,2021-01-14T10:27:33.000Z
Port Annechester,"IL 44926""",tuckerkelly@wells-wright.com,267,APPEND,2021-01-11T03:59:42.000Z
New Bailey,"DE 78415""",hollandalyssa@hotmail.com,642,APPEND,2021-01-13T01:02:32.000Z
South Janetchester,"ME 40456""",leslie94@mendoza.info,368,APPEND,2021-01-10T03:36:42.000Z
Colemouth,"KS 48987""",connie03@hall.org,591,APPEND,2021-01-19T00:43:47.000Z
Hughesburgh,"NE 22248""",phillipsharold@maldonado.net,678,APPEND,2021-01-09T02:01:02.000Z
Williamsfort,"NY 75381""",joel07@wilson.com,160,APPEND,2021-01-17T13:48:13.000Z
South Kelseyfort,"DE 89855""",ywaters@yahoo.com,512,APPEND,2021-01-09T17:34:32.000Z
Russellland,"TX 36008""",jason06@phillips.net,359,APPEND,2021-01-10T16:35:53.000Z
Webbborough,"MA 59878""",iwilliams@hotmail.com,880,APPEND,2021-01-13T08:09:56.000Z
Kimberlyhaven,"CO 71913""",ramosshelly@hotmail.com,961,APPEND,2021-01-10T01:33:31.000Z
Huangberg,"AL 71713""",brendaramirez@gmail.com,593,APPEND,2021-01-12T12:25:11.000Z
Angelberg,"NV 60106""",josephmendoza@mitchell.com,262,APPEND,2021-01-13T23:29:48.000Z
Alyssamouth,"ND 22918""",jeanlam@gmail.com,913,APPEND,2021-01-09T06:53:37.000Z
Derrickport,"NM 58194""",bennettandrea@schneider.com,412,APPEND,2021-01-18T15:53:47.000Z
North Ashleyshire,"CO 75263""",amandarose@martin-jackson.biz,898,APPEND,2021-01-09T00:45:57.000Z
Janetport,"VA 11639""",caitlin47@shepherd-perez.com,875,APPEND,2021-01-15T13:03:10.000Z
East Williamville,"WY 08147""",amber22@edwards.com,225,APPEND,2021-01-07T18:16:08.000Z
Jacksonchester,"PA 82651""",adrienne92@yahoo.com,601,APPEND,2021-01-15T21:55:18.000Z
Martinezburgh,"ID 48448""",jennifer71@gmail.com,119,APPEND,2021-01-16T17:32:45.000Z
West Ronaldmouth,"TN 38193""",krice@cruz.com,531,APPEND,2021-01-17T05:04:11.000Z
West Daniellefort,"GA 45574""",benjaminstewart@hotmail.com,30,APPEND,2021-01-10T19:13:48.000Z
Thompsonhaven,"AR 43002""",qwood@hotmail.com,538,APPEND,2021-01-11T18:30:18.000Z
Josephview,"KS 65641""",heidimorris@davis-gutierrez.info,399,APPEND,2021-01-15T18:22:45.000Z
Frederickview,"RI 12735""",heathermartin@yahoo.com,103,APPEND,2021-01-18T18:05:09.000Z
Gregorytown,"ME 55206""",coopermike@gmail.com,352,APPEND,2021-01-15T21:59:59.000Z
Jessicafurt,"NC 61757""",aweber@mills.net,666,APPEND,2021-01-16T00:45:22.000Z
New Kristinview,"DE 93604""",ncoffey@brennan-park.com,355,APPEND,2021-01-18T05:47:40.000Z
West Danielport,"ND 90614""",douglas79@watkins.com,595,APPEND,2021-01-16T18:43:58.000Z
Kingberg,"CT 57819""",odunn@castillo.info,488,APPEND,2021-01-18T22:16:40.000Z
Markfort,"DE 95907""",edwardsleah@hotmail.com,107,APPEND,2021-01-07T22:13:50.000Z
East Stephanie,"MN 32072""",bakercandice@gmail.com,861,APPEND,2021-01-18T19:51:11.000Z
Prattborough,"IL 79819""",marie27@yahoo.com,917,APPEND,2021-01-14T10:16:01.000Z
East Williamville,"MT 46332""",weaverclifford@mathis-smith.org,66,APPEND,2021-01-16T10:04:53.000Z
South Jacquelinetown,"IA 54944""",randallrandy@hotmail.com,38,APPEND,2021-01-07T21:56:02.000Z
Jamieberg,"AZ 86415""",daniel65@yahoo.com,187,APPEND,2021-01-17T15:24:28.000Z
Port Samuel,"SD 77453""",martinvictor@cook-hernandez.com,445,APPEND,2021-01-10T18:25:26.000Z
West Crystalfurt,"NE 16690""",sophia23@villarreal.com,866,APPEND,2021-01-15T13:16:15.000Z
East Ashleyhaven,"HI 63295""",brittany56@collins.com,883,APPEND,2021-01-10T07:16:45.000Z
Carlsonbury,"IL 66845""",kimberly48@beltran.com,286,APPEND,2021-01-15T06:48:55.000Z
North Holly,"MD 62229""",tsanders@yahoo.com,397,APPEND,2021-01-11T08:43:44.000Z
Anthonyburgh,"NC 25064""",mfrazier@mccormick.net,945,APPEND,2021-01-18T14:50:44.000Z
Christophermouth,"ID 96505""",hintonyvette@wilson.com,257,APPEND,2021-01-14T16:26:13.000Z
New Keithmouth,"IA 95743""",cruzeric@yahoo.com,902,APPEND,2021-01-15T21:38:24.000Z
West Jamesfort,"GA 67321""",jenniferparker@hopkins-cortez.org,993,APPEND,2021-01-10T19:29:05.000Z
Wardbury,"KS 10218""",cvazquez@proctor.com,700,APPEND,2021-01-15T02:17:45.000Z
Smithbury,"SD 39860""",hjames@turner-payne.com,762,APPEND,2021-01-15T16:55:36.000Z
Donnachester,"DC 95531""",mgates@yahoo.com,753,APPEND,2021-01-15T19:57:54.000Z
North Amanda,"TN 91606""",jerry65@lucas.com,264,APPEND,2021-01-17T03:10:21.000Z
Larryberg,"TX 88548""",zjones@gmail.com,816,APPEND,2021-01-16T21:39:32.000Z
Richardsonville,"RI 89926""",jon39@hotmail.com,403,APPEND,2021-01-18T21:29:07.000Z
Ashleyshire,"DE 21666""",eallen@yahoo.com,477,APPEND,2021-01-10T13:52:43.000Z
Lake James,"MD 26167""",jose58@blair.com,687,APPEND,2021-01-07T17:48:35.000Z
Michellemouth,"IA 77022""",lisaramirez@yahoo.com,891,APPEND,2021-01-11T06:13:01.000Z
Port Charles,"HI 18213""",simmonssavannah@hotmail.com,141,APPEND,2021-01-08T11:14:39.000Z
Peterland,"KS 57729""",hannah75@hicks-wallace.com,105,APPEND,2021-01-09T00:22:31.000Z
Port Christopherview,"FL 56868""",kyletaylor@harris.com,811,APPEND,2021-01-16T15:18:06.000Z
South Tinafort,"SD 11020""",carol68@phillips-hernandez.com,635,APPEND,2021-01-17T07:17:29.000Z
Lake Bruce,"IN 79140""",jessicajohnson@braun-little.info,736,APPEND,2021-01-15T18:30:32.000Z
North Elizabethhaven,"NV 85945""",tammy84@gmail.com,411,APPEND,2021-01-16T03:37:18.000Z
Patriciahaven,"MD 93479""",arusso@yahoo.com,536,APPEND,2021-01-16T18:39:13.000Z
Millermouth,"WI 10409""",brittanycarpenter@schwartz.com,131,APPEND,2021-01-17T17:18:51.000Z
Mooneyville,"FL 75456""",mhancock@perez-barrett.com,14,APPEND,2021-01-14T02:12:55.000Z
Benjaminborough,"MA 49705""",angelacastro@hotmail.com,897,APPEND,2021-01-17T22:28:17.000Z
Gregorychester,"MT 32680""",brandi76@bradley-young.com,469,APPEND,2021-01-14T06:54:00.000Z
Lake Anthony,"MA 04592""",watkinschristopher@yahoo.com,343,APPEND,2021-01-13T19:21:20.000Z
Osbornborough,"LA 17658""",jonesbreanna@santiago.com,25,APPEND,2021-01-07T21:35:18.000Z
Hopkinsborough,"NE 69443""",deanbrian@yahoo.com,968,APPEND,2021-01-13T21:20:36.000Z
Clarkborough,"NC 42198""",xgreen@lopez-velasquez.biz,99,APPEND,2021-01-17T04:42:13.000Z
New Drewport,"TN 19243""",allisonlopez@white-parker.com,464,APPEND,2021-01-12T20:25:00.000Z
South Kenneth,"NE 34575""",christineburgess@charles-bell.com,495,APPEND,2021-01-13T08:48:44.000Z
Weberberg,"IA 01584""",jessicachung@gmail.com,124,APPEND,2021-01-12T19:48:31.000Z
Petersfurt,"MI 52260""",gloriahill@gallagher.com,266,APPEND,2021-01-17T18:40:08.000Z
Stephaniestad,"PA 20331""",nlong@miller.biz,349,APPEND,2021-01-18T11:43:40.000Z
East Kathyfort,"PA 07711""",scottmary@vega-schultz.org,719,APPEND,2021-01-18T16:58:43.000Z
North Robertfurt,"IL 90911""",leachjessica@robinson-valentine.com,289,APPEND,2021-01-18T03:24:08.000Z
Lake Amyborough,"KS 92628""",ychang@russell-johnson.com,129,APPEND,2021-01-14T17:21:49.000Z
Lake Kelly,"AK 32226""",xbrown@gmail.com,75,APPEND,2021-01-08T13:27:05.000Z
Hendersonhaven,"UT 24086""",oromero@hotmail.com,832,APPEND,2021-01-08T13:57:53.000Z
Mcphersonberg,"NM 32372""",richard06@walton-sampson.biz,358,APPEND,2021-01-10T01:14:42.000Z
Rebeccaberg,"HI 58053""",patriciamcdaniel@baker-hughes.info,348,APPEND,2021-01-11T00:00:10.000Z
Kingberg,"CT 57819""",odunn@castillo.info,488,DELETE,2021-01-13T10:35:45.000Z
West Nancy,"CO 12479""",greenrobert@yahoo.com,725,APPEND,2021-01-15T21:23:39.000Z
Onealview,"UT 37888""",phillipsgerald@kline-nichols.com,908,APPEND,2021-01-12T06:23:52.000Z
Tracyshire,"WA 22791""",hernandezlisa@gmail.com,936,APPEND,2021-01-12T02:29:14.000Z
Port Kathryn,"MA 67454""",fsmith@hotmail.com,443,APPEND,2021-01-17T02:09:58.000Z
East Michaelstad,"OH 84064""",blackwellapril@williams-soto.com,268,APPEND,2021-01-11T01:03:27.000Z
Brownstad,"NC 43435""",grace73@hicks-boyd.org,424,APPEND,2021-01-13T03:34:21.000Z
South Tristanview,"IA 56525""",madisonray@kirk.org,362,APPEND,2021-01-17T06:48:56.000Z
Christineport,"WI 92403""",xcobb@hotmail.com,784,APPEND,2021-01-17T22:43:18.000Z
North Elizabethville,"MN 61135""",chadcrawford@yahoo.com,932,APPEND,2021-01-09T21:49:56.000Z
Robertborough,"AZ 47672""",gutierrezjohn@lynch.info,670,APPEND,2021-01-13T10:16:33.000Z
Jorgestad,"OK 84255""",kevinnolan@wilson.com,779,APPEND,2021-01-12T17:13:08.000Z
Stokeschester,"MS 74285""",cwilliams@hotmail.com,671,APPEND,2021-01-08T19:42:47.000Z
Ellischester,"MI 65338""",robert88@morse-rodriguez.com,35,APPEND,2021-01-11T00:21:30.000Z
Lake Gary,"MS 98573""",nicolebarron@flores-garcia.org,940,APPEND,2021-01-08T12:03:32.000Z
Robertbury,"DC 64071""",dawn03@hotmail.com,283,APPEND,2021-01-17T07:48:43.000Z
Claudiaton,"NY 54567""",icurry@gmail.com,808,APPEND,2021-01-14T12:58:50.000Z
Christopherfurt,"CO 32866""",mcollins@gmail.com,52,APPEND,2021-01-08T10:12:50.000Z
North David,"VA 94038""",stephanievaldez@gmail.com,158,APPEND,2021-01-13T20:19:40.000Z
Brittneyton,"OH 25920""",latashawright@thompson.net,387,APPEND,2021-01-11T13:13:46.000Z
West Debbiemouth,"CT 38551""",nwelch@gmail.com,351,APPEND,2021-01-14T11:31:50.000Z
Diazton,"NJ 01000""",fergusonmichael@gmail.com,471,APPEND,2021-01-16T13:36:15.000Z
North David,"MI 78123""",taylorsarah@wilson.biz,974,APPEND,2021-01-13T14:33:41.000Z
Tatemouth,"OR 67101""",keith67@yahoo.com,730,APPEND,2021-01-13T03:26:51.000Z
West Zachary,"DE 82065""",dmatthews@hotmail.com,896,APPEND,2021-01-15T06:55:18.000Z
Lake Gary,"OK 98808""",greernathan@anderson-simmons.com,581,APPEND,2021-01-08T19:26:04.000Z
South Melissachester,"WI 62521""",david23@yahoo.com,732,APPEND,2021-01-17T22:29:19.000Z
North Deborahmouth,"AK 20863""",timothyduncan@lewis.com,11,APPEND,2021-01-18T11:46:23.000Z
Port Rodney,"MD 70892""",bprince@yahoo.com,889,APPEND,2021-01-15T00:23:22.000Z
Lake Tonystad,"AR 66807""",angel87@yahoo.com,997,APPEND,2021-01-11T21:34:00.000Z
Murphychester,"NY 98679""",kevinmedina@bass.com,422,APPEND,2021-01-12T14:00:35.000Z
Erinfort,"WA 03490""",mclaughlinlori@hotmail.com,115,APPEND,2021-01-10T21:03:39.000Z
Port Eric,"HI 09758""",petersonallison@gmail.com,297,APPEND,2021-01-12T05:26:34.000Z
Jonathanshire,"TN 49261""",randallnicole@hotmail.com,333,APPEND,2021-01-10T15:04:58.000Z
Reedburgh,"NY 42799""",crichardson@yahoo.com,548,APPEND,2021-01-08T13:34:58.000Z
South Melissahaven,"WA 77092""",alyssa03@hotmail.com,208,APPEND,2021-01-07T14:49:12.000Z
Andrewville,"VA 91508""",sjohnson@smith.com,142,APPEND,2021-01-15T04:56:38.000Z
Taraville,"WY 47926""",padillaleslie@yahoo.com,72,APPEND,2021-01-12T07:15:14.000Z
New Thomas,"DC 35416""",lowerycolton@mendoza.com,91,APPEND,2021-01-08T13:34:44.000Z
West Peggy,"AL 09063""",timcoleman@gmail.com,27,APPEND,2021-01-16T01:37:09.000Z
Theresamouth,"SD 87261""",hwright@thomas.com,497,APPEND,2021-01-12T08:01:59.000Z
Susanburgh,"CT 34488""",ryanbyrd@yahoo.com,40,APPEND,2021-01-15T18:04:58.000Z
Port Tiffany,"MT 08757""",lauravasquez@brown-higgins.com,641,APPEND,2021-01-13T16:04:39.000Z
Suzanneton,"NY 16786""",andrea78@yahoo.com,952,APPEND,2021-01-10T02:56:14.000Z
Jonathanberg,"WI 43824""",david19@rivera.com,621,APPEND,2021-01-18T04:50:03.000Z
Ericaberg,"ND 94683""",horozco@yahoo.com,650,APPEND,2021-01-15T12:38:51.000Z
East Holly,"MT 27362""",ltaylor@lewis.com,721,APPEND,2021-01-15T14:01:08.000Z
Angelaton,"KY 81478""",brian57@hotmail.com,976,APPEND,2021-01-08T18:12:49.000Z
Lake Teresabury,"AZ 35968""",vharvey@jones-brown.com,238,APPEND,2021-01-09T05:30:20.000Z
Stephenbury,"AK 41652""",djohnson@sutton.com,360,APPEND,2021-01-17T18:53:23.000Z
Lopezshire,"KS 66642""",dmiller@hotmail.com,893,APPEND,2021-01-14T06:26:00.000Z
West Caleb,"NC 11468""",jeremy19@gmail.com,8,APPEND,2021-01-13T18:09:02.000Z
West Maryborough,"FL 87904""",guzmannathan@rich.net,111,APPEND,2021-01-13T01:28:57.000Z
Lake Williamborough,"VT 37937""",nbennett@warner.com,895,APPEND,2021-01-07T22:06:23.000Z
New Michael,"IN 36914""",caseywilson@jones.org,57,APPEND,2021-01-18T13:09:23.000Z
Williamsonchester,"VA 78075""",belinda96@yahoo.com,499,APPEND,2021-01-15T09:28:55.000Z
Youngmouth,"VT 81686""",cheryl35@hotmail.com,28,APPEND,2021-01-15T19:58:14.000Z
North Brittney,"UT 72913""",adamsmichael@yahoo.com,970,APPEND,2021-01-18T18:31:08.000Z
Thomasstad,"ID 90162""",cassandra57@yahoo.com,366,APPEND,2021-01-14T21:00:22.000Z
Stanleyport,"SC 78477""",jill63@yahoo.com,400,APPEND,2021-01-08T00:16:04.000Z
Grayland,"SC 46495""",badams@hotmail.com,841,APPEND,2021-01-14T07:02:51.000Z
Stephenburgh,"OR 90467""",alyssacombs@howard.com,324,APPEND,2021-01-13T10:44:46.000Z
Turnerstad,"ID 17112""",jacob09@gmail.com,371,APPEND,2021-01-09T03:39:30.000Z
Justinchester,"IL 72244""",randyyoung@gmail.com,504,APPEND,2021-01-07T22:15:31.000Z
New Christopher,"DE 82342""",petersdaniel@yahoo.com,307,DELETE,2021-01-13T03:56:59.000Z
Lake Kayla,"MA 11349""",dwebb@yahoo.com,966,APPEND,2021-01-10T08:54:12.000Z
Holmestown,"TN 94643""",aaron22@yahoo.com,199,APPEND,2021-01-13T22:21:11.000Z
Pittsshire,"CT 43249""",bwoods@gmail.com,857,APPEND,2021-01-09T13:44:28.000Z
Edwardsville,"VA 72951""",christinefox@yahoo.com,696,APPEND,2021-01-17T14:23:49.000Z
Lewisview,"OK 08971""",maria15@hotmail.com,948,APPEND,2021-01-13T21:12:00.000Z
West Ashley,"OK 51561""",yfranco@hotmail.com,287,APPEND,2021-01-12T23:23:18.000Z
Rileybury,"SC 30448""",stacyfitzgerald@yahoo.com,68,APPEND,2021-01-08T02:01:07.000Z
South Marcusfurt,"TN 55229""",ujenkins@yahoo.com,489,APPEND,2021-01-18T12:39:20.000Z
Alvaradostad,"WA 92950""",megan39@hall-dixon.info,19,APPEND,2021-01-14T16:12:32.000Z
Nunezton,"TN 97515""",jonesamy@walker.org,184,APPEND,2021-01-14T00:36:01.000Z
Moralesshire,"MN 95638""",dsmith@wilson.net,681,APPEND,2021-01-11T12:56:28.000Z
East Annette,"MD 54933""",chelseaglenn@gray.com,566,APPEND,2021-01-17T17:23:32.000Z
Port Alexander,"MA 77320""",fieldsronald@yahoo.com,275,APPEND,2021-01-13T15:57:16.000Z
New Carmenburgh,"NJ 23160""",zgallagher@lloyd-wu.com,555,APPEND,2021-01-16T12:10:00.000Z
Hillview,"NY 61880""",keithtaylor@hotmail.com,925,APPEND,2021-01-12T22:43:50.000Z
South Joseph,"ID 92208""",ppotter@warren.org,584,APPEND,2021-01-15T08:07:55.000Z
Foxberg,"DC 01471""",ksherman@hughes.com,136,APPEND,2021-01-14T06:50:12.000Z
North Edward,"IL 75813""",douglashughes@hotmail.com,837,APPEND,2021-01-07T17:39:36.000Z
West Pamela,"FL 12618""",hhenderson@hotmail.com,1000,APPEND,2021-01-07T21:56:03.000Z
Williamville,"MA 97274""",kevinrobinson@hotmail.com,867,APPEND,2021-01-12T12:40:13.000Z
Lake Ericton,"WA 13722""",snyderhector@young.net,708,APPEND,2021-01-17T07:10:16.000Z
Chadbury,"DE 50999""",diana18@hotmail.com,847,APPEND,2021-01-08T10:31:23.000Z
North Cory,"TN 33684""",kevin74@brown-johnson.com,919,APPEND,2021-01-12T19:43:40.000Z
New Paulview,"RI 77110""",virginia62@yahoo.com,537,APPEND,2021-01-08T08:06:40.000Z
New Ginafurt,"CT 46049""",misty60@hughes.com,222,APPEND,2021-01-14T04:54:28.000Z
South Matthew,"AL 44096""",cgonzales@jimenez.com,964,APPEND,2021-01-18T05:56:47.000Z
Matthewburgh,"FL 35172""",bfrazier@gmail.com,478,APPEND,2021-01-15T02:51:00.000Z
Amandatown,"IL 25099""",sandra22@massey.com,835,APPEND,2021-01-10T00:28:46.000Z
New Lisa,"NH 06206""",qjimenez@hotmail.com,170,APPEND,2021-01-13T00:56:51.000Z
Milesburgh,"IN 01601""",eric96@hotmail.com,242,APPEND,2021-01-10T14:02:01.000Z
Briantown,"NY 37915""",hernandezheather@nelson-jordan.org,483,APPEND,2021-01-18T06:09:48.000Z
Waterston,"OK 81076""",brookearmstrong@turner.info,70,APPEND,2021-01-10T03:43:11.000Z
Toddshire,"NV 90825""",ythomas@murray.com,20,APPEND,2021-01-11T13:38:39.000Z
South Rebekah,"CA 40015""",heatherwerner@hotmail.com,457,APPEND,2021-01-10T11:26:23.000Z
Bryantstad,"TN 90353""",aprice@rogers.info,270,APPEND,2021-01-12T06:25:43.000Z
Jonstad,"MO 92850""",laurabutler@myers.org,797,APPEND,2021-01-17T15:34:55.000Z
Brownland,"AZ 20809""",stevensmith@caldwell.com,695,APPEND,2021-01-14T22:48:07.000Z
Jacobport,"NV 79743""",edwardsingh@yahoo.com,957,APPEND,2021-01-15T18:37:46.000Z
Adkinston,"UT 27582""",lewismadison@gmail.com,735,APPEND,2021-01-18T14:47:34.000Z
Johnsonmouth,"FL 57045""",martinezjohn@hotmail.com,90,APPEND,2021-01-13T17:29:27.000Z
East Michael,"TN 21075""",josephwalker@yahoo.com,904,APPEND,2021-01-11T01:01:26.000Z
Petersonchester,"NE 96958""",melodyjones@summers.com,879,APPEND,2021-01-08T07:42:49.000Z
East Lindabury,"NE 44467""",tammygreen@gmail.com,290,APPEND,2021-01-12T15:40:44.000Z
West Debramouth,"CT 19289""",jennifermason@gmail.com,147,APPEND,2021-01-18T01:00:03.000Z
Jasonborough,"KS 19771""",jerrygriffin@hotmail.com,114,APPEND,2021-01-13T17:26:42.000Z
Michellechester,"OK 21573""",mvaldez@lyons.com,661,APPEND,2021-01-11T00:17:20.000Z
Port Craig,"WY 18631""",valeriehayes@yahoo.com,727,APPEND,2021-01-11T01:58:57.000Z
South Karenstad,"NE 02494""",jennifer22@hotmail.com,544,APPEND,2021-01-14T05:44:51.000Z
Villegasburgh,"PA 19214""",laguirre@hotmail.com,692,APPEND,2021-01-09T17:23:26.000Z
Wallborough,"OK 56360""",adavis@gmail.com,244,APPEND,2021-01-18T15:50:39.000Z
Calvinshire,"IN 11124""",rossmichelle@dickson.biz,781,APPEND,2021-01-10T02:58:45.000Z
Hardingtown,"TX 66418""",hickswesley@hotmail.com,334,APPEND,2021-01-13T19:29:00.000Z
Jasmineton,"WY 01543""",tcohen@hotmail.com,918,APPEND,2021-01-11T11:35:22.000Z
Jameshaven,"WA 98767""",cookshelley@hotmail.com,312,APPEND,2021-01-16T03:20:52.000Z
North Andreaside,"IA 50444""",edwinhardy@hotmail.com,804,APPEND,2021-01-16T03:30:16.000Z
South Kevin,"KY 25187""",hickmandavid@gardner-woods.com,273,APPEND,2021-01-07T11:45:11.000Z
Cassandraburgh,"OK 37871""",thomassarah@hotmail.com,825,APPEND,2021-01-19T00:04:38.000Z
West Ianburgh,"UT 54859""",agardner@beck-hernandez.com,240,APPEND,2021-01-13T00:12:24.000Z
Marytown,"WI 45581""",david36@mcguire.org,501,APPEND,2021-01-10T17:07:47.000Z
West Brian,"OR 44415""",christian66@marquez.net,809,APPEND,2021-01-09T15:31:12.000Z
Kimville,"DC 95694""",morgan95@duncan.net,174,APPEND,2021-01-16T07:25:48.000Z
Williammouth,"IN 78329""",whitneybaker@grimes-bryant.com,261,APPEND,2021-01-11T03:25:10.000Z
Smithhaven,"AL 56105""",julie96@brown.net,292,APPEND,2021-01-12T10:49:58.000Z
West Candice,"NH 94968""",powelljerry@turner.com,226,APPEND,2021-01-11T05:06:45.000Z
Courtneyfurt,"NH 88672""",denisethompson@brooks.com,747,APPEND,2021-01-17T23:26:06.000Z
Port Amy,"WY 95730""",kelsey77@yahoo.com,569,APPEND,2021-01-13T00:36:02.000Z
Walkershire,"NY 18227""",timothybell@yahoo.com,713,APPEND,2021-01-14T21:02:01.000Z
Port Jessechester,"OK 27033""",russellsherry@jones.com,234,APPEND,2021-01-09T09:37:24.000Z
Port Derrick,"NY 11358""",laurajackson@poole.com,176,APPEND,2021-01-15T05:46:48.000Z
Amandashire,"ID 08953""",brandon05@hotmail.com,975,APPEND,2021-01-15T18:09:36.000Z
Davisborough,"MN 38596""",rachel20@hotmail.com,163,APPEND,2021-01-12T13:44:32.000Z
Carlsonland,"KS 71322""",destiny07@hotmail.com,969,APPEND,2021-01-18T14:08:26.000Z
Maynardport,"NH 14120""",clarkgeorge@yahoo.com,926,APPEND,2021-01-14T06:17:37.000Z
South Susanburgh,"VT 78113""",dustinjohnson@hotmail.com,701,APPEND,2021-01-15T01:30:42.000Z
Campbellland,"NY 53441""",lisa86@williams.net,306,APPEND,2021-01-12T13:42:49.000Z
East Brett,"VA 61246""",bradgilmore@hotmail.com,916,APPEND,2021-01-14T11:33:06.000Z
Yangshire,"MS 69426""",blee@harris-fields.com,370,APPEND,2021-01-17T18:18:35.000Z
Christinamouth,"WI 06726""",catherine13@nunez.net,474,APPEND,2021-01-10T23:00:32.000Z
New Wandaborough,"MN 06167""",allison91@hotmail.com,207,APPEND,2021-01-14T05:29:57.000Z
Alexshire,"CA 25977""",vmahoney@beltran.biz,560,APPEND,2021-01-07T17:09:56.000Z
Lake Cynthia,"KY 40269""",lisacastaneda@gallagher.com,611,APPEND,2021-01-18T21:06:43.000Z
East Nicholasberg,"DC 94530""",jessica40@ochoa.info,820,APPEND,2021-01-10T18:01:04.000Z
East Alexanderton,"AK 09674""",jacksonryan@gmail.com,434,APPEND,2021-01-08T17:18:53.000Z
Melissamouth,"WI 22978""",monicamcgrath@hotmail.com,67,APPEND,2021-01-11T05:30:35.000Z
Ronaldbury,"WY 95951""",rachelsmith@lucero.com,39,APPEND,2021-01-15T06:51:34.000Z
New James,"TN 11331""",imckee@gmail.com,900,APPEND,2021-01-14T20:09:46.000Z
Nicholasport,"TN 88399""",laura50@gmail.com,369,APPEND,2021-01-18T22:58:41.000Z
Robertside,"KY 97321""",cgordon@green.com,795,APPEND,2021-01-13T14:28:01.000Z
Deborahfort,"IL 20983""",heathersharp@hotmail.com,332,APPEND,2021-01-14T10:37:58.000Z
Swansonland,"AK 96216""",aherring@gmail.com,381,APPEND,2021-01-10T14:17:08.000Z
Joelmouth,"WI 70685""",karenblake@hotmail.com,223,APPEND,2021-01-08T09:04:13.000Z
Esparzaville,"VA 13095""",iwatts@gmail.com,987,APPEND,2021-01-16T14:01:38.000Z
Port Kimberlyberg,"NM 54740""",morganlatoya@yahoo.com,64,APPEND,2021-01-12T02:15:09.000Z
South Daniel,"ME 42057""",traceyclark@yahoo.com,711,APPEND,2021-01-15T05:53:57.000Z
Brightburgh,"IL 43200""",jaygarcia@hotmail.com,571,APPEND,2021-01-18T11:24:37.000Z
Donaldchester,"AR 52848""",lynn19@smith.net,788,APPEND,2021-01-14T13:53:20.000Z
Port Ashleyfort,"IN 91877""",rubenmoore@lopez.com,112,APPEND,2021-01-09T18:30:05.000Z
East Yesenia,"HI 81661""",steven21@johnson.info,985,APPEND,2021-01-18T03:45:39.000Z
Barkerborough,"HI 08435""",adam15@gmail.com,616,APPEND,2021-01-12T05:12:56.000Z
Lake Billy,"FL 23628""",ryan92@reyes.com,844,APPEND,2021-01-17T15:46:55.000Z
Wilsonville,"MD 36281""",caitlyn97@gmail.com,870,APPEND,2021-01-07T20:44:30.000Z
Karenburgh,"RI 83987""",victoriagillespie@gmail.com,186,APPEND,2021-01-18T14:02:17.000Z
New Marcusbury,"ND 38178""",anna50@hotmail.com,465,APPEND,2021-01-18T02:28:03.000Z
Johnsonburgh,"TX 96314""",robert34@mack-mayo.com,765,APPEND,2021-01-17T15:16:31.000Z
South Adam,"MT 67459""",valdezmary@yahoo.com,823,APPEND,2021-01-10T09:17:42.000Z
North Philipshire,"IA 66610""",jbullock@holloway.biz,791,APPEND,2021-01-10T03:50:08.000Z
Rhodestown,"FL 17113""",ymullins@hart.com,221,APPEND,2021-01-17T10:11:09.000Z
Julieborough,"MA 54596""",robinsonnicole@fletcher.com,252,APPEND,2021-01-15T23:50:27.000Z
East Autumn,"SD 23971""",timothy52@gmail.com,58,APPEND,2021-01-08T04:12:00.000Z
Omarfurt,"GA 54668""",amybrown@yahoo.com,633,APPEND,2021-01-15T10:54:49.000Z
Lake Lori,"FL 34559""",kevin48@yahoo.com,417,APPEND,2021-01-17T15:20:51.000Z
Andrewland,"DC 31052""",webbjoshua@hotmail.com,206,APPEND,2021-01-07T12:01:46.000Z
New Taylorhaven,"WA 07610""",nathanmartin@becker.biz,545,APPEND,2021-01-18T21:06:01.000Z
Jamieview,"OH 39296""",brittneyharrison@gmail.com,408,APPEND,2021-01-12T03:07:57.000Z
Bennettland,"DC 09756""",fostersheri@dominguez.com,505,APPEND,2021-01-14T13:51:22.000Z
Austinchester,"IL 55852""",lware@gmail.com,722,APPEND,2021-01-07T18:11:28.000Z
East Amanda,"VT 00844""",poolefelicia@morrow.com,44,APPEND,2021-01-17T23:57:24.000Z
North Valeriestad,"VA 69084""",carolyn54@irwin-pearson.org,162,APPEND,2021-01-11T16:46:45.000Z
Alanton,"AZ 04855""",epittman@yahoo.com,564,APPEND,2021-01-08T06:19:56.000Z
East Loriport,"MA 54557""",jeffersontoni@mueller-holland.com,220,APPEND,2021-01-14T19:58:29.000Z
Bobbyburgh,"MT 74901""",bortiz@bishop.biz,921,APPEND,2021-01-12T16:47:16.000Z
South Richard,"NJ 36100""",qvaldez@gmail.com,607,APPEND,2021-01-11T05:06:02.000Z
New Samuel,"PA 94098""",claudiaruiz@yahoo.com,260,APPEND,2021-01-16T03:42:46.000Z
New Kevinbury,"NE 15407""",suzannehammond@yahoo.com,475,APPEND,2021-01-07T23:25:02.000Z
South Julia,"NE 16640""",ejohnston@yahoo.com,629,APPEND,2021-01-13T22:59:38.000Z
Connershire,"WA 48196""",douglaswood@hotmail.com,195,APPEND,2021-01-15T14:16:41.000Z
Meganbury,"MI 32470""",joel27@yahoo.com,24,APPEND,2021-01-15T17:38:14.000Z
South Barbarastad,"NV 02855""",sarah21@medina-bradford.com,675,APPEND,2021-01-14T12:22:33.000Z
Reynoldsshire,"FL 84784""",shannoncolon@dunn.org,388,APPEND,2021-01-07T17:49:40.000Z
Manningchester,"HI 19221""",benjamin17@clark.net,903,APPEND,2021-01-10T08:20:08.000Z
North Amy,"LA 96168""",erichamilton@sanchez.com,906,APPEND,2021-01-17T03:23:30.000Z
Kellyside,"AZ 56131""",qpeterson@brooks.net,16,APPEND,2021-01-10T15:34:26.000Z
Christophertown,"AR 40978""",tmahoney@gmail.com,872,APPEND,2021-01-16T19:42:06.000Z
Harmonmouth,"RI 04283""",christina87@contreras.com,309,APPEND,2021-01-09T05:01:25.000Z
East Justin,"MA 88677""",marcus44@yahoo.com,676,APPEND,2021-01-18T15:41:26.000Z
Lindseyport,"AK 04298""",rachel26@yahoo.com,190,APPEND,2021-01-14T00:54:22.000Z
West Alan,"AZ 36849""",amy26@perkins.com,61,APPEND,2021-01-10T22:28:45.000Z
East Russellfurt,"LA 56436""",elewis@yahoo.com,842,DELETE,2021-01-08T02:25:06.000Z
Jasmineville,"LA 27307""",holmesjacqueline@jones.com,188,APPEND,2021-01-13T12:10:17.000Z
West John,"KS 30145""",marquezjohn@gmail.com,744,APPEND,2021-01-08T12:54:16.000Z
Port Danielshire,"CT 77595""",trobbins@lewis.com,280,APPEND,2021-01-11T03:57:03.000Z
Lynnburgh,"FL 98903""",valeriemoss@gmail.com,331,APPEND,2021-01-12T11:19:50.000Z
East Lindsay,"IA 72555""",tday@mendoza.com,707,APPEND,2021-01-13T05:16:49.000Z
North Ryanborough,"AK 48576""",michelle74@gmail.com,345,APPEND,2021-01-09T15:29:22.000Z
Stephentown,"MO 58632""",tpadilla@barnett-rich.com,303,APPEND,2021-01-17T16:50:26.000Z
Donaldville,"CA 77616""",ashley00@sullivan.com,350,APPEND,2021-01-11T18:26:29.000Z
West Danielbury,"ND 51801""",hectorpineda@fry-peters.com,328,APPEND,2021-01-15T15:46:15.000Z
Turnershire,"RI 04010""",whiterachel@hansen.com,81,APPEND,2021-01-12T09:36:57.000Z
South Donnastad,"VT 43604""",robert70@gmail.com,390,APPEND,2021-01-07T20:06:42.000Z
East Aaron,"WV 04799""",beth54@mills-lopez.com,877,APPEND,2021-01-16T14:08:59.000Z
Port Kelly,"VA 27994""",thomas97@campos.com,121,APPEND,2021-01-10T15:55:50.000Z
Martinhaven,"NC 62287""",vshort@montes.com,71,APPEND,2021-01-18T13:20:47.000Z
Williamschester,"DC 97884""",xbriggs@gmail.com,259,APPEND,2021-01-18T15:58:00.000Z
South Megan,"AZ 76937""",lee39@hotmail.com,181,APPEND,2021-01-13T18:48:31.000Z
Lake Joseph,"NH 68836""",whiteeric@yahoo.com,10,APPEND,2021-01-16T06:17:35.000Z
Williamland,"FL 87930""",karenmiller@powell.com,905,APPEND,2021-01-09T02:57:01.000Z
East Kristy,"NM 16722""",wbrown@garza.info,26,APPEND,2021-01-14T08:23:58.000Z
Angelamouth,"MN 19747""",jasonfrazier@johnston-nixon.com,150,APPEND,2021-01-12T11:08:33.000Z
East Beckyshire,"RI 76709""",andreasilva@mendoza-hernandez.biz,346,APPEND,2021-01-11T08:06:07.000Z
Jerrystad,"VA 53757""",smithkevin@johnson.com,915,APPEND,2021-01-12T23:29:16.000Z
Garyside,"MN 33155""",david35@hayes.net,500,APPEND,2021-01-11T09:23:37.000Z
Lake Johnshire,"NH 71346""",nsanders@norton.com,316,APPEND,2021-01-14T07:43:18.000Z
East Megan,"NH 23338""",jonathan24@mills-walters.biz,480,APPEND,2021-01-16T15:10:29.000Z
Port Williamburgh,"MT 45424""",iruiz@yahoo.com,168,APPEND,2021-01-18T06:23:17.000Z
Port Adammouth,"NC 85441""",andrewjarvis@gmail.com,18,APPEND,2021-01-13T00:24:45.000Z
Port Seanfort,"DC 40197""",igray@jones.biz,435,APPEND,2021-01-14T19:06:43.000Z
North Ryanberg,"CO 83008""",riverajean@hotmail.com,959,APPEND,2021-01-12T20:17:03.000Z
New Jo,"UT 69547""",nortonmichelle@simmons.com,577,APPEND,2021-01-16T03:16:26.000Z
Brandonside,"WY 06649""",breannaprice@saunders.biz,590,APPEND,2021-01-14T14:01:09.000Z
Moorebury,"NC 67120""",jakegarrison@gmail.com,606,APPEND,2021-01-17T17:47:14.000Z
Michaelmouth,"KY 60870""",christopher44@rodriguez.biz,803,APPEND,2021-01-13T00:11:47.000Z
Olsonmouth,"KY 61686""",reedbeth@yahoo.com,80,APPEND,2021-01-14T15:44:21.000Z
Stephaniehaven,"MI 55310""",ronaldcase@richardson-drake.biz,668,APPEND,2021-01-13T09:55:30.000Z
North Jenna,"WA 09015""",dawn91@lewis.org,547,APPEND,2021-01-15T18:24:07.000Z
New Robinside,"HI 48102""",lisabrown@gaines.com,938,APPEND,2021-01-12T15:21:16.000Z
Mitchellhaven,"DE 23303""",michelle93@carter.net,53,APPEND,2021-01-18T16:25:06.000Z
Dayfort,"KS 19253""",kochrobert@carpenter.com,930,APPEND,2021-01-13T10:32:47.000Z
New Arthur,"WV 44150""",michelle27@gmail.com,263,APPEND,2021-01-16T20:44:23.000Z
East Jameshaven,"MS 78167""",zharris@franklin-king.com,931,APPEND,2021-01-11T18:24:23.000Z
Kristenstad,"KY 32274""",gallowaysusan@hotmail.com,197,DELETE,2021-01-12T11:11:01.000Z
South Anthonyville,"IA 34145""",jenniferturner@yahoo.com,639,APPEND,2021-01-11T04:14:01.000Z
Lake Stephenbury,"SC 85569""",joseph68@martin.org,712,APPEND,2021-01-18T05:20:46.000Z
New Amandaside,"WI 48018""",haysjeremy@bass.com,664,APPEND,2021-01-18T12:14:20.000Z
Ericview,"KS 91673""",jsmith@gmail.com,298,APPEND,2021-01-17T04:36:22.000Z
Jacobmouth,"UT 92594""",hallchristine@yahoo.com,198,APPEND,2021-01-08T09:38:11.000Z
North Tiffanymouth,"TX 71288""",cwatkins@hotmail.com,503,APPEND,2021-01-15T21:36:08.000Z
Bowmanburgh,"PA 42458""",gary28@hughes-good.com,386,APPEND,2021-01-15T07:45:15.000Z
Bridgesborough,"NJ 56409""",burketeresa@hotmail.com,76,APPEND,2021-01-13T08:21:59.000Z
East Susanville,"TN 17619""",grahammaria@beasley.com,750,APPEND,2021-01-11T22:37:41.000Z
West Tammyburgh,"MS 53181""",andersonkurt@aguilar.com,546,APPEND,2021-01-15T05:46:13.000Z
South Hannah,"TN 22908""",stephen49@hotmail.com,638,APPEND,2021-01-12T07:37:49.000Z
Greenburgh,"SC 95624""",woodwardemily@burton-shelton.biz,392,APPEND,2021-01-14T07:23:08.000Z
Port Patrick,"CT 92112""",donna44@gmail.com,737,APPEND,2021-01-08T07:41:57.000Z
South Taraland,"TN 08548""",carterrobert@yahoo.com,378,APPEND,2021-01-12T09:55:42.000Z
Leahberg,"KS 82787""",joseph99@brown.com,691,APPEND,2021-01-16T00:41:20.000Z
Willismouth,"OR 06444""",jacksonkim@bryant.info,881,APPEND,2021-01-10T04:16:53.000Z
Sotoland,"MA 87301""",jose64@yahoo.com,228,APPEND,2021-01-18T19:01:34.000Z
Port Larryton,"AK 40489""",elizabethramirez@yahoo.com,679,APPEND,2021-01-14T22:01:47.000Z
Frederickview,"NH 32074""",michele02@yahoo.com,665,APPEND,2021-01-12T22:32:48.000Z
North Leslie,"MO 51667""",yhowell@hernandez.biz,636,APPEND,2021-01-10T16:53:52.000Z
North Dustin,"AZ 02167""",dianalarsen@hotmail.com,869,APPEND,2021-01-15T04:43:12.000Z
South Jonathan,"UT 56424""",paulhill@gmail.com,379,APPEND,2021-01-09T10:14:53.000Z
Robertchester,"KS 81399""",silvajay@gmail.com,167,APPEND,2021-01-10T00:27:38.000Z
Jordanland,"ND 17480""",woodsdaniel@marshall.com,463,APPEND,2021-01-12T00:06:34.000Z
West Jessica,"MA 87241""",kelly63@obrien.net,928,APPEND,2021-01-12T06:39:05.000Z
Jillside,"SC 33087""",reidstephanie@harmon.org,658,APPEND,2021-01-17T03:03:19.000Z
Hallport,"KS 05368""",amandagordon@hotmail.com,742,APPEND,2021-01-18T18:18:42.000Z
North Kyle,"NJ 60064""",xcastro@yahoo.com,772,APPEND,2021-01-16T12:10:50.000Z
West Nathanfort,"VA 12401""",wdavis@hayes-martinez.com,799,APPEND,2021-01-08T20:48:34.000Z
Lopeztown,"NV 99250""",matthewwilkinson@hotmail.com,677,APPEND,2021-01-08T13:03:42.000Z
East Lee,"AZ 18308""",travismoore@yahoo.com,237,APPEND,2021-01-09T10:54:07.000Z
Maryport,"CT 44348""",marshallamanda@coleman.biz,95,APPEND,2021-01-11T10:45:22.000Z
Nicolehaven,"CA 45098""",carlos31@mcmillan-hayes.org,293,DELETE,2021-01-14T14:06:54.000Z
South Glen,"NJ 10558""",randallnathan@hotmail.com,33,APPEND,2021-01-09T21:36:47.000Z
East Sean,"AZ 76089""",scott67@raymond.net,733,APPEND,2021-01-12T10:26:29.000Z
South Mark,"IL 21256""",holttravis@yahoo.com,588,APPEND,2021-01-13T12:18:09.000Z
Dudleymouth,"RI 73643""",goodmanshelby@hotmail.com,29,APPEND,2021-01-16T00:48:21.000Z
New Nicole,"NC 97826""",ushepherd@gmail.com,726,APPEND,2021-01-08T04:18:07.000Z
Ryantown,"HI 20982""",stephen19@hotmail.com,947,APPEND,2021-01-13T23:40:47.000Z
North Samuelside,"OR 75394""",ehernandez@gonzales.com,1,APPEND,2021-01-11T11:55:18.000Z
Mayertown,"NY 85811""",angela45@hotmail.com,815,APPEND,2021-01-15T14:37:42.000Z
West Erin,"MO 89329""",smartinez@gmail.com,69,APPEND,2021-01-10T20:53:29.000Z
Reneeborough,"UT 02028""",tfuller@bartlett.info,161,APPEND,2021-01-07T21:43:30.000Z
North Travis,"FL 69419""",joseph81@holmes-morales.com,754,APPEND,2021-01-15T14:01:14.000Z
New Dannyhaven,"IA 34831""",cramirez@hunter.com,888,APPEND,2021-01-09T20:20:10.000Z
Shieldsport,"WV 94530""",hollandangela@huerta.com,643,APPEND,2021-01-15T16:07:34.000Z
Kimberlystad,"IL 53050""",colesean@yahoo.com,862,APPEND,2021-01-11T14:13:37.000Z
